/*
    Create Databsase
*/

DROP SCHEMA IF EXISTS Auction;

CREATE DATABASE Auction;

USE Auction;


-- The table must be created in the correct order
/*
    Creating and inserting values for the UserStatus table
*/
DROP TABLE IF EXISTS UserStatus;
CREATE TABLE UserStatus (
    UserGroup VARCHAR(6) PRIMARY KEY
) ENGINE=InnoDB;

INSERT INTO UserStatus VALUES('Buyer');
INSERT INTO UserStatus VALUES('Seller');

/*
    Creating and inserting values for the CategoryList table
*/

DROP TABLE IF EXISTS CategoryList;
CREATE TABLE CategoryList (
    Category VARCHAR(50) PRIMARY KEY
) ENGINE=InnoDB;
INSERT INTO CategoryList VALUES('Antiques');
INSERT INTO CategoryList VALUES('Art');
INSERT INTO CategoryList VALUES('Books');
INSERT INTO CategoryList VALUES('Office and Industrial Equipments');
INSERT INTO CategoryList VALUES('Cameras and Photo');
INSERT INTO CategoryList VALUES('Vehicles');
INSERT INTO CategoryList VALUES('Sports');
INSERT INTO CategoryList VALUES('Collectables');
INSERT INTO CategoryList VALUES('Computer');
INSERT INTO CategoryList VALUES('Toys');
INSERT INTO CategoryList VALUES('Event Tickets');
INSERT INTO CategoryList VALUES('Garden');
INSERT INTO CategoryList VALUES('Health and Beauty');
INSERT INTO CategoryList VALUES('DIY Tools');
INSERT INTO CategoryList VALUES('Musical Instruments');

/*
    Creating and inserting values for the Users table
*/
DROP TABLE IF EXISTS Users;
CREATE TABLE Users (
    Username VARCHAR(50),
    AuthPassWord VARCHAR(50) NOT NULL,
    UserGroup VARCHAR(6),
    Email VARCHAR(100) NOT NULL,
    PRIMARY KEY (Username),
    CONSTRAINT FK_UserGroup FOREIGN KEY (UserGroup) REFERENCES auction.UserStatus(UserGroup) ON DELETE CASCADE
) ENGINE=InnoDB;

INSERT INTO users VALUES ('somberWidgeon2', SHA('AMTpkzbSiyVhdKqhsd'), 'Seller', 'mooredavid@stephens.com');
INSERT INTO users VALUES ('sheepishMallard0', SHA('BoPc62KUUq!1'), 'Buyer', 'velasquezethan@yahoo.com');
INSERT INTO users VALUES ('anxiousLapwing2', SHA('LKuFF7!taQO2fTi5Ix'), 'Seller', 'gsalas@velazquez.com');
INSERT INTO users VALUES ('wakefulOil2', SHA('UMh7I2nRN4mce'), 'Buyer', 'williamsbenjamin@hotmail.com');
INSERT INTO users VALUES ('lazyBittern2', SHA('9g818CJArRuFr3JE'), 'Seller', 'stevenwebb@gmail.com');
INSERT INTO users VALUES ('eagerBuck6', SHA('oMCQfFb!zKNHK'), 'Seller', 'howellpatrick@gmail.com');
INSERT INTO users VALUES ('holisticOatmeal2', SHA('E7mlrvvFmGyH7mHnIKc'), 'Buyer', 'zgallagher@ramirez-norman.com');
INSERT INTO users VALUES ('zestySardines3', SHA('FzBHL6UcrLe28'), 'Buyer', 'grahamdavid@martinez-hamilton.com');
INSERT INTO users VALUES ('similarBittern6', SHA('1JxNcaIut7YEJ!1Thsxy'), 'Seller', 'mitchelleduardo@gmail.com');
INSERT INTO users VALUES ('contentCoconut3', SHA('gAh9T3sKLViEkUMg'), 'Buyer', 'jonathan94@gmail.com');
INSERT INTO users VALUES ('vengefulSnipe3', SHA('lsfqibExa'), 'Seller', 'lisamcmillan@ferguson-french.com');
INSERT INTO users VALUES ('puzzledGelding8', SHA('tpPKTksnifKtw'), 'Seller', 'jenniferwilson@hotmail.com');
INSERT INTO users VALUES ('crummyCaviar3', SHA('8JbkSr5ryH54'), 'Buyer', 'jenkinshayden@stewart-patterson.com');
INSERT INTO users VALUES ('anxiousWhiting0', SHA('zwA71lHxN5Z'), 'Seller', 'morgangreen@hotmail.com');
INSERT INTO users VALUES ('jumpyWidgeon2', SHA('YkjGw3VLAs4'), 'Seller', 'jonestodd@gmail.com');
INSERT INTO users VALUES ('shyOryx1', SHA('B8mX1cjOul3rd1'), 'Buyer', 'carriewhitaker@jones.com');
INSERT INTO users VALUES ('blissfulMussel5', SHA('mfMcVCRs88Id96S'), 'Buyer', 'cwright@ward.org');
INSERT INTO users VALUES ('goofyJerky2', SHA('cV8lFDuUcR'), 'Buyer', 'josephpeters@yahoo.com');
INSERT INTO users VALUES ('worriedBaboon0', SHA('IM19vjdTxE'), 'Buyer', 'maryhernandez@yahoo.com');
INSERT INTO users VALUES ('blissfulClam3', SHA('YT51AauY!fvS'), 'Seller', 'john14@hale-wang.com');
INSERT INTO users VALUES ('grudgingCoati2', SHA('h1sLnKtTC6UGY9e2f'), 'Seller', 'wchandler@hotmail.com');
INSERT INTO users VALUES ('aloofClam7', SHA('KaxYxfYcQW3lmNt6CnIE'), 'Buyer', 'jacobhamilton@west.biz');
INSERT INTO users VALUES ('brainyToucan2', SHA('qb!rZWuU5apZIlacWXi1'), 'Buyer', 'tiffany51@smith.com');
INSERT INTO users VALUES ('mereQuiche4', SHA('XZAbNDYnWst'), 'Buyer', 'ewilson@lewis-wilson.com');
INSERT INTO users VALUES ('goofyCow0', SHA('3XTllaTH'), 'Buyer', 'imcconnell@hotmail.com');
INSERT INTO users VALUES ('goofyRuffs8', SHA('nE!2bFk36mgJ'), 'Seller', 'christinehernandez@hotmail.com');
INSERT INTO users VALUES ('wingedLeopard1', SHA('hfJHcefI4ZFavpH62'), 'Seller', 'vwood@hotmail.com');
INSERT INTO users VALUES ('enragedCheese6', SHA('lXxRW2j9xDvx'), 'Seller', 'rschroeder@yahoo.com');
INSERT INTO users VALUES ('eagerLion5', SHA('tWkcekXaUxHY5'), 'Seller', 'victor03@gmail.com');
INSERT INTO users VALUES ('enragedRelish4', SHA('a1q8gMxfoua5UWEc'), 'Seller', 'smithjustin@gmail.com');
INSERT INTO users VALUES ('mildPear5', SHA('4WvZnedp'), 'Seller', 'lisabailey@mcmillan.com');
INSERT INTO users VALUES ('yearningOatmeal8', SHA('7sxxbFx6OK'), 'Seller', 'silvaneil@pineda.com');
INSERT INTO users VALUES ('guiltyViper7', SHA('NiWUK5Ektp!wh'), 'Seller', 'emma35@ramsey.com');
INSERT INTO users VALUES ('obsessedLard2', SHA('eCz65S!1tHYtsf'), 'Buyer', 'lisadunlap@hotmail.com');
INSERT INTO users VALUES ('cheerfulDunbird2', SHA('43fjYMGcwvsXarl'), 'Buyer', 'jennifersmith@underwood.com');
INSERT INTO users VALUES ('dreadfulSnipe9', SHA('2ShCeSA6GTjHdIh26'), 'Seller', 'lisalucas@gmail.com');
INSERT INTO users VALUES ('obsessedCurlew5', SHA('aPGdgvYqG'), 'Buyer', 'jramos@hotmail.com');
INSERT INTO users VALUES ('madThrush1', SHA('On!!8Td1'), 'Buyer', 'tgill@gmail.com');
INSERT INTO users VALUES ('offendedSeafowl9', SHA('YTQgG3I2kdyq'), 'Seller', 'nelsontamara@yahoo.com');
INSERT INTO users VALUES ('giddyCow4', SHA('9liLO1p8SxVZ3g'), 'Seller', 'trussell@gmail.com');
INSERT INTO users VALUES ('insecureTermite5', SHA('rncMukqAoFqx4AiQh'), 'Buyer', 'vhansen@burton.com');
INSERT INTO users VALUES ('emptySheep4', SHA('lKTsq9jq'), 'Buyer', 'latoya65@mckenzie.biz');
INSERT INTO users VALUES ('debonairPie0', SHA('WN9XlFgS2N3urtIaLza'), 'Buyer', 'ryanhill@hotmail.com');
INSERT INTO users VALUES ('spiritedGarlic4', SHA('qEs7nBJk3RHJJ6nV'), 'Seller', 'debbie22@lane.org');
INSERT INTO users VALUES ('anxiousWidgeon3', SHA('Koo3!4t2aulNT'), 'Seller', 'mobrien@thompson.com');
INSERT INTO users VALUES ('mereOryx5', SHA('J4hRlTOh'), 'Seller', 'matthew28@hotmail.com');
INSERT INTO users VALUES ('mereMoth7', SHA('17l!429LXdR'), 'Buyer', 'cchavez@gonzalez.biz');
INSERT INTO users VALUES ('cynicalSnail4', SHA('k2Rp5N1w3ac'), 'Seller', 'nstewart@lyons.com');
INSERT INTO users VALUES ('sadGnu7', SHA('QOaWYa4Pkacy'), 'Buyer', 'amanda06@yahoo.com');
INSERT INTO users VALUES ('mellowPolenta6', SHA('IvqBie59ZM'), 'Seller', 'cmarshall@harrington.net');
INSERT INTO users VALUES ('exactingWidgeon6', SHA('!sorwz6RMqupBBC5jVZ'), 'Seller', 'adamssusan@boyd.com');
INSERT INTO users VALUES ('obsessedRuffs1', SHA('jj6Od7XlRzu'), 'Seller', 'juliekent@montes.com');
INSERT INTO users VALUES ('outlyingWigeon8', SHA('DoYiN4T3bm8PG3Wm'), 'Seller', 'hoganandrea@gmail.com');
INSERT INTO users VALUES ('pitifulEggs4', SHA('wfiwR4nATcDkALghrOWv'), 'Buyer', 'james63@garcia.net');
INSERT INTO users VALUES ('mildDingo3', SHA('UpfOGiAoc1SQH'), 'Buyer', 'nicolegreen@tapia.com');
INSERT INTO users VALUES ('humorousHawk1', SHA('Fpsf8yD6UwL4s'), 'Buyer', 'larajerry@gmail.com');
INSERT INTO users VALUES ('kindBuck7', SHA('4Z5TsiSwbWLH!7PWQufy'), 'Seller', 'jordan66@yahoo.com');
INSERT INTO users VALUES ('lovesickShads8', SHA('6rme67gDtJXGuRCQ3'), 'Buyer', 'mary32@potter-hurst.com');
INSERT INTO users VALUES ('affectedCardinal5', SHA('AL8m2Aoa2fH3Ol'), 'Buyer', 'usherman@hotmail.com');
INSERT INTO users VALUES ('fondBoa8', SHA('HEznOuEV3y3!Q6c9MRdp'), 'Buyer', 'alexandramendoza@hotmail.com');
INSERT INTO users VALUES ('wakefulPolenta8', SHA('gOujEU6wvviDQ4bkz'), 'Seller', 'kingmanuel@abbott.info');
INSERT INTO users VALUES ('peskyMussel2', SHA('xxH8GB6gS'), 'Seller', 'michael39@bradley.info');
INSERT INTO users VALUES ('bubblyPonie4', SHA('nkIddCp4ymaDLmBU'), 'Buyer', 'allisonwade@hotmail.com');
INSERT INTO users VALUES ('thriftyRat6', SHA('Ob3lA67M2sU'), 'Seller', 'uwillis@hotmail.com');
INSERT INTO users VALUES ('soreCheetah1', SHA('OyL!GzASx3dW'), 'Buyer', 'sherrygonzalez@harrell.biz');
INSERT INTO users VALUES ('superiorEagle9', SHA('c7FouhtEY8nHuSVQxy'), 'Buyer', 'rachelhorton@brown.com');
INSERT INTO users VALUES ('brainyFalcon4', SHA('RqIMAaYydukS'), 'Buyer', 'bvelazquez@yahoo.com');
INSERT INTO users VALUES ('affectedBoa5', SHA('AZEbmThJsDA8cV'), 'Seller', 'gmiddleton@kemp.net');
INSERT INTO users VALUES ('giddyEagle0', SHA('JPgHWOy5!'), 'Seller', 'meyerdebbie@cain.org');
INSERT INTO users VALUES ('panickySausage3', SHA('NxOpGSJoW'), 'Seller', 'wdavis@miller.com');



/*
    Creating and inserting values for the Auctions table
*/
DROP TABLE IF EXISTS Auctions;
CREATE TABLE Auctions (
    AuctionID INT AUTO_INCREMENT,
    UserName VARCHAR(50),
    ItemName TINYTEXT NOT NULL,
    ItemDescription LONGTEXT NOT NULL,
    Category VARCHAR(50),
    StartingPrice FLOAT(10, 2) NOT NULL,
    ReservePrice FLOAT(10, 2) NOT NULL,
    EndingTime DATETIME NOT NULL,
    PRIMARY KEY (AuctionID),
    CONSTRAINT CHECK(ReservePrice > StartingPrice),
    CONSTRAINT FK_UserName_Bid FOREIGN KEY (Username) REFERENCES auction.Users(Username),
    CONSTRAINT FK_Category_Bid FOREIGN KEY (Category) REFERENCES auction.CategoryList(Category)
) ENGINE=InnoDB;
INSERT INTO auctions (UserName, ItemName, ItemDescription, Category, StartingPrice, ReservePrice, EndingTime) VALUES ('exactingWidgeon6', 'deserunt magnam non dicta molestias eveniet', 'Id ab a nisi tenetur quo voluptatum facere necessitatibus est, quidem consequuntur iure temporibus velit quaerat, quidem ullam velit rerum nemo accusantium maiores nihil ipsa consectetur? Dolorem ipsum doloremque dolor tempore deleniti ad exercitationem ab obcaecati commodi aliquam, vel quasi quae id magni pariatur, quidem saepe deserunt?', 'Musical Instruments', 424.36, 741.83, '2020-10-24 00:31:12');
INSERT INTO auctions (UserName, ItemName, ItemDescription, Category, StartingPrice, ReservePrice, EndingTime) VALUES ('giddyCow4', 'pariatur ea', 'Cupiditate corrupti eius quam tempora, officiis iste et, iusto itaque eaque laboriosam quis laborum aspernatur eveniet ipsa quo. Iusto rem est temporibus reiciendis a quisquam, architecto ex perferendis voluptatem saepe iste explicabo.', 'Sports', 574.47, 709.00, '2020-12-10 12:38:45');
INSERT INTO auctions (UserName, ItemName, ItemDescription, Category, StartingPrice, ReservePrice, EndingTime) VALUES ('spiritedGarlic4', 'libero aspernatur ipsum sunt quibusdam quo neque', 'Quaerat eligendi facilis beatae repellendus, odit dolores temporibus beatae reiciendis adipisci fugiat, atque aliquid nemo molestias sit cumque quisquam reprehenderit quia temporibus, iusto a inventore velit facere excepturi ex atque aut molestiae suscipit iure? Voluptatem illum maxime, culpa magnam corrupti odit ipsam nesciunt fugit nostrum cupiditate quibusdam numquam harum, repudiandae ut eius officiis ducimus eaque minima natus eligendi hic, incidunt reprehenderit ullam earum a odio tempora perferendis voluptatibus illo expedita voluptas?', 'Collectables', 16.74, 749.08, '2020-11-19 13:56:52');
INSERT INTO auctions (UserName, ItemName, ItemDescription, Category, StartingPrice, ReservePrice, EndingTime) VALUES ('dreadfulSnipe9', 'laboriosam illo repellat vitae similique tenetur tempora', 'Consequuntur in neque magnam blanditiis mollitia nobis, error dolorum quisquam sapiente quos ab eaque possimus veritatis dolorem, animi magnam amet nisi doloribus quia tempore, nihil libero incidunt at deleniti vitae praesentium placeat perspiciatis, illum architecto nobis iure debitis. Magnam id animi error architecto dolores doloribus mollitia distinctio iste dignissimos, doloribus quaerat hic itaque blanditiis accusantium voluptate omnis nisi error veniam, placeat blanditiis impedit dolore tenetur, nisi sed quibusdam ex repellat placeat corrupti delectus cumque, expedita reprehenderit illum esse molestias dolores ipsa soluta.', 'Antiques', 761.65, 977.41, '2020-12-14 21:01:27');
INSERT INTO auctions (UserName, ItemName, ItemDescription, Category, StartingPrice, ReservePrice, EndingTime) VALUES ('grudgingCoati2', 'ullam voluptatum at ducimus reiciendis dicta veritatis', 'Magni nostrum voluptatum deleniti dolorem illum ad cum optio eligendi, quod dolor laboriosam error itaque facere similique quibusdam cumque deserunt nobis aliquam, aliquam veniam dolores tenetur labore aut quaerat excepturi animi, laudantium enim numquam velit repellendus id quidem beatae? Est facilis commodi ex culpa natus consequatur vel architecto praesentium, debitis harum error cumque perspiciatis, maxime dolorem nisi fugiat libero ipsa aliquid quam, ab architecto dolorum iste ut porro, possimus magnam natus qui repellendus veritatis earum impedit corporis est eligendi.', 'Musical Instruments', 928.50, 954.39, '2020-12-01 02:13:51');
INSERT INTO auctions (UserName, ItemName, ItemDescription, Category, StartingPrice, ReservePrice, EndingTime) VALUES ('similarBittern6', 'laudantium tenetur reprehenderit in quisquam', 'Ipsum repudiandae libero necessitatibus voluptate voluptatum quidem similique sunt, aliquam debitis perspiciatis dicta facilis necessitatibus perferendis similique magni labore voluptatibus molestiae, enim quidem a nemo aperiam sit porro vero? Minus beatae quo, ad voluptatem possimus impedit accusamus ullam unde nulla veniam, commodi quis asperiores velit nemo laudantium.', 'Event Tickets', 641.62, 721.68, '2020-12-07 07:44:06');
INSERT INTO auctions (UserName, ItemName, ItemDescription, Category, StartingPrice, ReservePrice, EndingTime) VALUES ('jumpyWidgeon2', 'ducimus', 'Fuga architecto itaque mollitia deserunt est quibusdam nulla, placeat est aliquid neque, quibusdam tenetur sed facere a ipsam magni totam tempore? Inventore iure magnam alias cum, quibusdam quaerat odit officia atque ipsum omnis iusto impedit rem, officia optio nulla qui amet placeat reprehenderit impedit obcaecati ad rerum, et quasi ad temporibus in hic? Doloremque inventore dicta eius illo maxime esse dolor quod cum saepe, repudiandae praesentium harum sapiente voluptas illo, doloribus recusandae voluptatem, quam aliquid amet nobis eveniet, animi obcaecati quidem neque veniam?', 'Office and Industrial Equipments', 615.45, 783.89, '2020-11-16 20:07:09');
INSERT INTO auctions (UserName, ItemName, ItemDescription, Category, StartingPrice, ReservePrice, EndingTime) VALUES ('offendedSeafowl9', 'deleniti officia ullam', 'Eveniet saepe hic dolorem sit a neque est nemo tenetur, quia quasi odit cumque at amet iste quidem autem consequatur laboriosam. Aliquid debitis laboriosam nihil dicta sapiente delectus optio inventore molestiae esse consectetur, exercitationem itaque ducimus?', 'Cameras and Photo', 253.99, 878.80, '2020-11-30 10:52:34');
INSERT INTO auctions (UserName, ItemName, ItemDescription, Category, StartingPrice, ReservePrice, EndingTime) VALUES ('guiltyViper7', 'soluta quidem laborum illo hic aspernatur minima', 'Explicabo vero eius dolore quibusdam quaerat labore eos odit reiciendis soluta quas, impedit quisquam harum veniam ratione minus fuga quia perspiciatis, nesciunt quas temporibus distinctio ut ex beatae labore error, officia deserunt quam nobis numquam repellat fugit iusto aperiam placeat soluta explicabo, tenetur aspernatur quasi blanditiis quisquam voluptatibus nesciunt.', 'Art', 914.90, 988.69, '2020-11-14 17:50:44');
INSERT INTO auctions (UserName, ItemName, ItemDescription, Category, StartingPrice, ReservePrice, EndingTime) VALUES ('thriftyRat6', 'dignissimos asperiores ducimus iusto minus numquam cupiditate', 'Dicta laudantium repellendus hic at eum facilis, pariatur facilis fugiat iste nemo eos odio illo, labore tempora consequatur natus. Ducimus cupiditate iste quam consequuntur voluptatum sequi rerum aut sunt obcaecati natus, fugiat aliquam dignissimos repellendus, soluta aperiam quidem ratione ipsum, aliquid minima vero perferendis at id veniam saepe, delectus officia nesciunt incidunt recusandae perferendis?', 'Musical Instruments', 224.67, 692.84, '2020-10-27 13:13:17');
INSERT INTO auctions (UserName, ItemName, ItemDescription, Category, StartingPrice, ReservePrice, EndingTime) VALUES ('puzzledGelding8', 'nobis quasi sit accusamus nostrum', 'Cupiditate possimus rerum velit perferendis pariatur itaque placeat saepe quod, odit vitae iusto minus, dignissimos a placeat? Eum soluta provident, adipisci nemo veniam, at ipsa animi accusamus maxime minima aliquid ex a consequatur, explicabo repellendus excepturi odit quod possimus nulla vero delectus quos tenetur tempora, vero repellat tenetur eligendi saepe eum repudiandae excepturi quibusdam impedit? Eos ab rem vero aperiam quia voluptatem laudantium debitis veniam vel, quibusdam quas cupiditate numquam labore, provident recusandae ducimus eveniet.', 'Office and Industrial Equipments', 139.98, 318.44, '2020-12-20 18:40:24');
INSERT INTO auctions (UserName, ItemName, ItemDescription, Category, StartingPrice, ReservePrice, EndingTime) VALUES ('wakefulPolenta8', 'voluptates vel ullam sequi fuga', 'Expedita autem sequi dicta suscipit tempore modi ea doloribus, officiis illum neque recusandae culpa sapiente fuga cupiditate sit adipisci.', 'Art', 889.21, 929.01, '2020-11-05 08:35:07');
INSERT INTO auctions (UserName, ItemName, ItemDescription, Category, StartingPrice, ReservePrice, EndingTime) VALUES ('similarBittern6', 'doloremque fugit harum quo', 'Odio porro inventore sed ipsum sit perferendis reiciendis recusandae quae necessitatibus, consequuntur molestiae incidunt nam est sequi possimus eius labore voluptates aut, illum sint nihil odit nostrum reiciendis expedita consectetur fuga at, aut mollitia saepe doloremque ipsum porro blanditiis delectus beatae ut quibusdam expedita? Possimus aspernatur exercitationem repellendus vel nostrum iste illum, facilis placeat voluptatibus iure quidem. Perspiciatis repellat nulla quod iste doloribus ut eligendi fugit tempora vel impedit, et at alias magni eos nobis quibusdam tenetur sed inventore ipsam provident.', 'Musical Instruments', 671.13, 694.93, '2020-12-01 11:35:18');
INSERT INTO auctions (UserName, ItemName, ItemDescription, Category, StartingPrice, ReservePrice, EndingTime) VALUES ('eagerLion5', 'minima', 'Sunt reiciendis nam animi illum magnam, laboriosam eum facilis, mollitia harum cupiditate, placeat neque optio nihil inventore minus error incidunt, unde quae dicta in exercitationem earum repellendus est?', 'Cameras and Photo', 410.65, 882.81, '2020-11-01 22:17:15');
INSERT INTO auctions (UserName, ItemName, ItemDescription, Category, StartingPrice, ReservePrice, EndingTime) VALUES ('mildPear5', 'architecto nemo recusandae soluta reiciendis', 'Aspernatur pariatur nobis minus sed rem voluptas, libero iusto alias sequi blanditiis voluptatum vitae velit aliquid animi, itaque sapiente harum, libero corrupti iure excepturi ab ducimus impedit reprehenderit aut nisi ex? Voluptatibus vitae repudiandae dolores, reprehenderit nobis provident a consequatur doloremque harum, culpa praesentium maiores consequuntur nihil distinctio natus provident officia quos dolore nulla, atque non quam et ullam officia.', 'Garden', 286.14, 768.90, '2020-11-06 05:28:36');
INSERT INTO auctions (UserName, ItemName, ItemDescription, Category, StartingPrice, ReservePrice, EndingTime) VALUES ('wingedLeopard1', 'quo fuga aspernatur', 'Facere aliquid explicabo, maxime enim velit sequi, exercitationem doloremque laborum fuga nisi perferendis eligendi cumque, enim error sint fugiat maiores. Corrupti accusamus voluptatem, deleniti sint minus natus, consequatur temporibus officia facere assumenda exercitationem, voluptates aperiam suscipit iure hic aliquam perspiciatis ex consectetur?', 'Sports', 765.53, 901.93, '2020-11-29 15:30:42');
INSERT INTO auctions (UserName, ItemName, ItemDescription, Category, StartingPrice, ReservePrice, EndingTime) VALUES ('exactingWidgeon6', 'voluptatum', 'Neque reprehenderit tempore iste numquam, eveniet perspiciatis in rerum molestiae laboriosam suscipit debitis, saepe qui dignissimos amet similique, rem quaerat molestiae aut minima labore similique est in quae, accusantium culpa reprehenderit facilis qui id sit blanditiis similique dolores quia? Praesentium maxime adipisci, aliquam fugiat deleniti cumque ipsa necessitatibus adipisci laudantium dicta explicabo, quas optio id reiciendis eveniet ipsa quae maxime doloremque consequuntur facilis, sequi soluta quaerat cum debitis officiis ratione ipsam, ab dicta consequuntur voluptas tempora? Nam laboriosam perspiciatis vitae sed mollitia veritatis minima aliquam alias doloremque, similique numquam consequatur fugit quasi aliquid?', 'Vehicles', 736.09, 998.40, '2020-11-29 17:51:23');
INSERT INTO auctions (UserName, ItemName, ItemDescription, Category, StartingPrice, ReservePrice, EndingTime) VALUES ('kindBuck7', 'error iste ad', 'Sapiente accusamus totam architecto minima consequatur velit obcaecati ea suscipit, consequatur debitis commodi id ex voluptate, numquam repellendus consequuntur laborum dolor, error iste quasi deserunt? Repellat odit cumque temporibus nihil quod quibusdam laboriosam dolorem similique incidunt, necessitatibus facere vitae iste quisquam ab fuga, at iste obcaecati nostrum ipsa nam porro inventore?', 'Office and Industrial Equipments', 507.64, 939.81, '2020-12-02 02:49:28');
INSERT INTO auctions (UserName, ItemName, ItemDescription, Category, StartingPrice, ReservePrice, EndingTime) VALUES ('anxiousWidgeon3', 'voluptatum quo earum consectetur quibusdam quod voluptatibus', 'Inventore dolorum nam expedita, impedit officiis repudiandae corporis placeat quis nemo dolores vel laudantium. Fugit dignissimos nobis minus temporibus pariatur similique nostrum a doloremque corporis, dolorem dolor commodi exercitationem reprehenderit eligendi harum facilis, saepe velit amet pariatur voluptates a praesentium culpa vel exercitationem, unde voluptas deserunt cumque illum officia pariatur saepe. Doloribus natus consequatur quod iste temporibus dolorum ut eius ea corrupti dolore, pariatur quia autem illo soluta dolor, quisquam eum odio consequatur, omnis repellat ipsam eaque minima at tempore?', 'Health and Beauty', 454.90, 803.83, '2020-11-04 20:16:20');
INSERT INTO auctions (UserName, ItemName, ItemDescription, Category, StartingPrice, ReservePrice, EndingTime) VALUES ('blissfulClam3', 'explicabo totam voluptatibus sequi quos ullam', 'Reprehenderit soluta nobis cum laborum illum quos, eius alias laborum necessitatibus, officiis quos doloribus veritatis quasi itaque, voluptas deleniti maiores quo possimus fugit. Ab omnis atque veniam velit id fugiat quod quae inventore voluptatem fugit, nostrum vel quo repellendus suscipit fuga necessitatibus inventore nulla ea?', 'Art', 199.92, 215.59, '2020-12-11 03:10:08');
INSERT INTO auctions (UserName, ItemName, ItemDescription, Category, StartingPrice, ReservePrice, EndingTime) VALUES ('somberWidgeon2', 'nesciunt', 'Labore dolore voluptate numquam totam consequatur, quos animi nam facilis inventore excepturi asperiores nemo illum adipisci soluta? Fugiat iure ratione illo quia minus, qui omnis alias quis porro, dolorum laudantium ullam quo?', 'Toys', 791.36, 854.03, '2020-11-11 17:51:10');
INSERT INTO auctions (UserName, ItemName, ItemDescription, Category, StartingPrice, ReservePrice, EndingTime) VALUES ('yearningOatmeal8', 'nulla nisi iste nostrum iure', 'Beatae suscipit tempora impedit quod veniam unde quae vero alias, voluptas deleniti numquam voluptatum magnam nihil corrupti iure fugit esse iste neque, similique optio odit hic cum tenetur quam beatae perspiciatis, sequi possimus assumenda laboriosam delectus ex fugiat suscipit quis aperiam.', 'Office and Industrial Equipments', 127.11, 851.38, '2020-12-20 20:46:06');
INSERT INTO auctions (UserName, ItemName, ItemDescription, Category, StartingPrice, ReservePrice, EndingTime) VALUES ('thriftyRat6', 'impedit explicabo unde non veniam pariatur', 'Ex voluptatem culpa molestiae quidem fugit autem dolor consectetur, enim consectetur doloribus assumenda autem natus veritatis voluptates nobis placeat provident, tempore quidem modi error dolorem sequi molestias veritatis corporis debitis distinctio voluptatem, nam ipsam et iusto laudantium odio commodi deleniti quia, officiis nulla iure eveniet vel deserunt quos dolores recusandae unde exercitationem.', 'Toys', 340.34, 602.58, '2020-11-14 04:07:15');
INSERT INTO auctions (UserName, ItemName, ItemDescription, Category, StartingPrice, ReservePrice, EndingTime) VALUES ('yearningOatmeal8', 'perspiciatis odio totam consequuntur enim', 'Veritatis nam molestiae atque enim tenetur ea incidunt nemo, maxime quaerat officia impedit doloremque qui modi et. Praesentium consequuntur pariatur aut ratione, amet eaque provident dicta.', 'Garden', 422.49, 650.31, '2020-12-01 17:06:07');
INSERT INTO auctions (UserName, ItemName, ItemDescription, Category, StartingPrice, ReservePrice, EndingTime) VALUES ('giddyCow4', 'quaerat reprehenderit iusto numquam a dolore', 'Velit veniam reprehenderit, doloribus eius pariatur rerum sit recusandae repudiandae nulla repellendus, odio hic beatae minima corporis dolorem unde eveniet repudiandae earum, in voluptatem aperiam illo libero soluta accusantium fuga sit ex amet quisquam? Sit ab voluptates excepturi magnam alias minima ut, explicabo nihil veniam sed minus in aperiam vitae maiores error iste earum?', 'Sports', 594.98, 905.17, '2020-12-02 15:28:41');
INSERT INTO auctions (UserName, ItemName, ItemDescription, Category, StartingPrice, ReservePrice, EndingTime) VALUES ('eagerLion5', 'totam culpa iste sapiente reprehenderit voluptatibus eum', 'Laboriosam magnam excepturi, amet non reiciendis blanditiis quisquam dignissimos, omnis recusandae blanditiis voluptatum id pariatur quam architecto, enim dolorum iste dicta sapiente exercitationem incidunt?', 'Health and Beauty', 946.91, 967.03, '2020-12-05 21:00:38');
INSERT INTO auctions (UserName, ItemName, ItemDescription, Category, StartingPrice, ReservePrice, EndingTime) VALUES ('yearningOatmeal8', 'atque amet optio possimus temporibus earum', 'Optio temporibus dolorum deleniti, quibusdam fugiat facere, aperiam enim quod magni. Dignissimos beatae totam, praesentium eaque porro natus ipsam pariatur minima nisi voluptas facilis ipsum quae? Omnis maxime accusamus commodi, cupiditate dignissimos itaque nulla debitis esse minima rerum unde quaerat fuga adipisci, debitis libero adipisci?', 'Vehicles', 262.25, 463.56, '2020-12-13 10:24:34');
INSERT INTO auctions (UserName, ItemName, ItemDescription, Category, StartingPrice, ReservePrice, EndingTime) VALUES ('anxiousWidgeon3', 'voluptatum perferendis esse quia ipsam obcaecati', 'Amet dignissimos quos fugit, impedit ea velit ratione facilis maiores eveniet, nesciunt necessitatibus cupiditate? Quidem exercitationem quae, itaque reprehenderit obcaecati voluptates assumenda libero vitae dignissimos facilis quod eveniet illum, reprehenderit iure ut possimus, ipsum doloribus blanditiis, sunt placeat accusamus pariatur dicta perspiciatis cupiditate fugit eaque.', 'Collectables', 612.14, 990.57, '2020-12-03 03:27:01');
INSERT INTO auctions (UserName, ItemName, ItemDescription, Category, StartingPrice, ReservePrice, EndingTime) VALUES ('blissfulClam3', 'praesentium dolorem suscipit facere dolores dolorum', 'Earum velit esse cupiditate soluta quos temporibus perferendis, quod expedita velit voluptates facere minus nihil molestias, excepturi perspiciatis ut atque possimus tempore hic? Nemo culpa reprehenderit sed quis repellat consectetur ipsa, quisquam eos necessitatibus facilis libero repellendus alias inventore, ipsa quisquam omnis praesentium assumenda sit obcaecati. Repudiandae recusandae cupiditate totam ex natus eligendi veritatis maiores iure dicta magni, aut voluptate autem officiis nesciunt, maxime animi vel dignissimos.', 'Garden', 157.30, 226.02, '2020-12-20 18:38:27');
INSERT INTO auctions (UserName, ItemName, ItemDescription, Category, StartingPrice, ReservePrice, EndingTime) VALUES ('vengefulSnipe3', 'quam nesciunt excepturi dolore iusto', 'Tempora quis beatae repellat in excepturi, omnis voluptas cum magni fugiat nobis voluptatibus, doloribus a modi placeat voluptatum sequi nesciunt amet ea, commodi sequi ad laboriosam expedita hic voluptatibus ea eaque excepturi saepe adipisci? Cumque pariatur expedita, perferendis illum beatae, itaque molestias eaque recusandae commodi? Vitae ipsa commodi id velit sit sunt expedita eaque obcaecati dolorem alias, aperiam at tempore iusto nulla, natus optio molestiae, iste eos vero labore consequuntur incidunt modi cupiditate delectus unde, culpa ad consectetur et voluptatem nemo ducimus libero sequi blanditiis eius?', 'Garden', 299.00, 569.51, '2020-10-28 14:02:38');
INSERT INTO auctions (UserName, ItemName, ItemDescription, Category, StartingPrice, ReservePrice, EndingTime) VALUES ('vengefulSnipe3', 'repellendus atque nulla iste architecto consectetur sunt', 'Nisi debitis impedit ipsum facere excepturi deserunt animi perspiciatis asperiores, vitae maiores dolor quo reprehenderit iusto consectetur, incidunt veniam mollitia dolore libero.', 'DIY Tools', 408.45, 800.42, '2020-12-06 02:15:20');
INSERT INTO auctions (UserName, ItemName, ItemDescription, Category, StartingPrice, ReservePrice, EndingTime) VALUES ('eagerLion5', 'nesciunt illo atque explicabo', 'Architecto voluptate labore aliquam exercitationem, tempore voluptate ipsam nulla libero, rem beatae nostrum culpa quaerat, fugiat facere non aspernatur voluptatem? Labore asperiores amet voluptas magni ipsam, debitis sunt saepe vero itaque voluptas perferendis at temporibus, ut labore eaque non tempora?', 'Vehicles', 782.16, 806.92, '2020-11-09 16:19:39');
INSERT INTO auctions (UserName, ItemName, ItemDescription, Category, StartingPrice, ReservePrice, EndingTime) VALUES ('giddyEagle0', 'vero illum dolor facilis', 'Fugit quae officiis molestias, magni atque facere nesciunt ducimus?', 'Books', 259.25, 579.53, '2020-11-17 08:30:25');
INSERT INTO auctions (UserName, ItemName, ItemDescription, Category, StartingPrice, ReservePrice, EndingTime) VALUES ('guiltyViper7', 'dignissimos quos aliquid laboriosam', 'Doloribus laboriosam ex quia laudantium excepturi ratione, debitis expedita veniam et fugit sint nobis?', 'Vehicles', 66.40, 644.91, '2020-12-14 03:08:53');
INSERT INTO auctions (UserName, ItemName, ItemDescription, Category, StartingPrice, ReservePrice, EndingTime) VALUES ('enragedRelish4', 'velit', 'Sapiente rem repudiandae reprehenderit atque deserunt odit, rem exercitationem laborum ipsa quod ratione impedit iusto doloribus possimus? Temporibus tempore reiciendis eaque, recusandae velit asperiores voluptatem quam facere officiis nihil, similique facilis reprehenderit. Quod iste inventore quaerat eveniet earum recusandae deserunt natus aspernatur reprehenderit eaque, illo ipsa nam cum.', 'Event Tickets', 393.93, 580.92, '2020-11-06 19:35:19');
INSERT INTO auctions (UserName, ItemName, ItemDescription, Category, StartingPrice, ReservePrice, EndingTime) VALUES ('cynicalSnail4', 'iure ea', 'Error voluptates eum odit consectetur unde, dolore sunt amet modi reiciendis et eos itaque. Dolorum libero voluptas tempore, tenetur maiores ducimus illo, quis aut ad quisquam nulla ut corporis tempora assumenda beatae autem tempore? Natus itaque ducimus necessitatibus quasi amet voluptatem neque deleniti nam est, porro ex tempora facilis adipisci quis quasi accusamus voluptates molestiae inventore nostrum.', 'Garden', 124.99, 945.28, '2020-11-09 17:46:18');
INSERT INTO auctions (UserName, ItemName, ItemDescription, Category, StartingPrice, ReservePrice, EndingTime) VALUES ('wingedLeopard1', 'dolorem alias', 'Fugit laborum distinctio ut illum veniam nihil quaerat autem quas ullam impedit, corrupti repellat reprehenderit ratione dicta perferendis commodi iusto, amet iure tempore placeat molestias autem quam error, fugiat quae perspiciatis dolores sed obcaecati, dolorem ullam deserunt non dicta exercitationem explicabo aperiam doloribus. Iste itaque quo amet perspiciatis, eveniet vero est commodi reiciendis dolore ipsa, quia dolor doloremque quod eaque vitae.', 'Musical Instruments', 833.45, 838.43, '2020-11-11 14:00:55');
INSERT INTO auctions (UserName, ItemName, ItemDescription, Category, StartingPrice, ReservePrice, EndingTime) VALUES ('enragedRelish4', 'sapiente magni nam vitae commodi', 'Deleniti eligendi expedita, eligendi ad earum iusto voluptate soluta recusandae. Similique ab impedit labore quo porro magni corporis quis, officiis provident excepturi officia, error officia blanditiis ipsa distinctio iusto maxime dolorum alias architecto atque?', 'Antiques', 810.69, 903.20, '2020-11-09 12:43:04');
INSERT INTO auctions (UserName, ItemName, ItemDescription, Category, StartingPrice, ReservePrice, EndingTime) VALUES ('mellowPolenta6', 'quo dolores autem', 'Velit quis mollitia culpa quisquam voluptatum accusamus modi laborum libero ullam, excepturi quaerat illum.', 'Collectables', 977.73, 977.82, '2020-12-01 04:00:29');
INSERT INTO auctions (UserName, ItemName, ItemDescription, Category, StartingPrice, ReservePrice, EndingTime) VALUES ('vengefulSnipe3', 'velit enim', 'Laborum neque architecto ab obcaecati voluptas rem est provident, ad deleniti dolor magnam quae ea, amet perspiciatis dolor ducimus similique temporibus praesentium at. Accusantium minus voluptatem aliquid, recusandae molestiae ipsum neque nisi beatae ut et voluptas, exercitationem molestias sint velit fugit porro autem temporibus ipsum nesciunt eveniet magnam, at eos ipsa explicabo laboriosam possimus id, et quam deserunt labore inventore numquam id enim quia quod commodi adipisci.', 'DIY Tools', 671.58, 879.13, '2020-12-07 16:29:30');
INSERT INTO auctions (UserName, ItemName, ItemDescription, Category, StartingPrice, ReservePrice, EndingTime) VALUES ('puzzledGelding8', 'amet', 'Excepturi dolorem tempore consequatur dolor deserunt itaque praesentium necessitatibus sed, totam reprehenderit cum sequi laborum cumque quis voluptate eius sunt maxime sint, accusantium earum ipsam facilis est inventore sapiente corrupti, molestiae quia quasi qui eos fuga ducimus nobis, eos voluptate aspernatur illo doloribus doloremque saepe nesciunt sunt voluptas adipisci. Minus sequi dolorum architecto deserunt, omnis inventore eaque accusantium ipsum, accusamus laborum impedit autem, nulla voluptate perferendis iste quas nam molestiae eveniet quod? Saepe doloribus temporibus ipsam unde fuga soluta quibusdam fugiat necessitatibus magnam, consectetur culpa molestias dolorum reiciendis odio obcaecati officia ullam, reiciendis expedita et veniam voluptates quae dolores ab eius repudiandae mollitia.', 'Event Tickets', 525.39, 686.64, '2020-10-24 12:24:08');
INSERT INTO auctions (UserName, ItemName, ItemDescription, Category, StartingPrice, ReservePrice, EndingTime) VALUES ('vengefulSnipe3', 'officia suscipit quos ratione distinctio', 'Reprehenderit corporis ullam nostrum architecto velit sequi perferendis labore similique sed, eaque enim doloremque exercitationem sed aliquam voluptates quibusdam id distinctio deserunt, iure asperiores voluptas laboriosam doloribus officiis maxime debitis veniam laudantium exercitationem eius, necessitatibus cum voluptatem nam nisi nobis nostrum tenetur?', 'Toys', 961.26, 968.89, '2020-10-25 00:12:27');
INSERT INTO auctions (UserName, ItemName, ItemDescription, Category, StartingPrice, ReservePrice, EndingTime) VALUES ('lazyBittern2', 'vitae illo dolorum eveniet quae', 'Quaerat totam nemo odio recusandae dolorem eaque fugiat, similique quasi rerum vero perspiciatis hic maiores magnam eum, neque maiores quia voluptate delectus expedita hic?', 'Office and Industrial Equipments', 189.20, 362.84, '2020-12-16 04:59:32');
INSERT INTO auctions (UserName, ItemName, ItemDescription, Category, StartingPrice, ReservePrice, EndingTime) VALUES ('grudgingCoati2', 'praesentium quia aspernatur vero esse', 'Dolorum tempore iure veniam doloribus nostrum pariatur possimus sunt, beatae minima voluptas. Ex sapiente architecto at sequi repudiandae laborum obcaecati suscipit doloribus ab, architecto dolor odit impedit? Blanditiis ducimus consequuntur nemo itaque, ex sed necessitatibus fugit, accusantium culpa dolorem, cumque magnam sapiente distinctio praesentium accusantium voluptate quos velit tempore deleniti.', 'Art', 937.44, 979.85, '2020-11-17 02:57:25');
INSERT INTO auctions (UserName, ItemName, ItemDescription, Category, StartingPrice, ReservePrice, EndingTime) VALUES ('peskyMussel2', 'sequi culpa pariatur', 'Qui tempora excepturi minus deleniti laboriosam sit facilis aut iure repudiandae explicabo, voluptatem accusamus ipsa tenetur maiores culpa, eius voluptatem debitis illum error tempora, soluta suscipit aperiam laudantium ipsa cum qui inventore recusandae at quaerat, ipsa illum officia alias enim maiores necessitatibus dolorum totam perferendis. Deleniti amet dolor est tempora perspiciatis voluptates architecto reiciendis accusantium mollitia in, inventore odio architecto impedit asperiores fuga porro incidunt explicabo minima, recusandae ut voluptatibus repudiandae molestiae. Dicta esse maiores unde nobis fuga neque, eligendi tempore mollitia, ipsa inventore cum, nihil ipsa accusantium exercitationem doloremque veritatis id eius, amet illum et officia ducimus quibusdam fuga deserunt?', 'Vehicles', 654.91, 823.78, '2020-11-20 17:46:35');
INSERT INTO auctions (UserName, ItemName, ItemDescription, Category, StartingPrice, ReservePrice, EndingTime) VALUES ('wingedLeopard1', 'rem illum', 'Suscipit dolores id nesciunt similique, nihil culpa qui voluptas expedita amet. Atque enim tempore earum rerum reiciendis cumque, necessitatibus similique esse magni veritatis vero, necessitatibus laudantium officia impedit aspernatur alias minus voluptates natus?', 'Toys', 192.73, 359.86, '2020-12-14 15:16:09');
INSERT INTO auctions (UserName, ItemName, ItemDescription, Category, StartingPrice, ReservePrice, EndingTime) VALUES ('giddyEagle0', 'explicabo rerum', 'Harum nulla nostrum architecto illo provident exercitationem laboriosam, sint voluptatem odio rem dignissimos libero impedit tempora obcaecati, ab quod beatae doloribus non soluta fugiat quos, minima nulla ullam qui iure repudiandae dolorum modi, deleniti cumque cupiditate doloribus tempore quam magni sit? Repellat exercitationem deserunt voluptas illo possimus in, ducimus aliquid distinctio laboriosam aut ab vitae, consequuntur expedita ipsa deserunt commodi numquam similique laborum nostrum odit, ex in et labore nisi sint, debitis fuga sunt mollitia excepturi ab et asperiores dolor veniam?', 'Antiques', 475.66, 655.26, '2020-12-01 20:36:10');
INSERT INTO auctions (UserName, ItemName, ItemDescription, Category, StartingPrice, ReservePrice, EndingTime) VALUES ('grudgingCoati2', 'nemo', 'Laudantium porro quo repudiandae ut officia, iusto deserunt aliquam blanditiis quidem neque, ratione illo sapiente esse possimus minima asperiores corporis magni harum molestiae mollitia.', 'Collectables', 788.02, 846.01, '2020-11-09 04:58:48');
INSERT INTO auctions (UserName, ItemName, ItemDescription, Category, StartingPrice, ReservePrice, EndingTime) VALUES ('anxiousWhiting0', 'inventore', 'Odit ad suscipit illum nam quibusdam, enim pariatur ducimus neque nam blanditiis animi aspernatur amet, culpa modi officiis consequuntur iste debitis nulla ad aspernatur libero. Ad numquam eligendi voluptatum beatae, nihil deleniti iure atque magni suscipit laudantium perferendis esse, culpa delectus facilis voluptas eius facere repudiandae beatae fugiat asperiores dolorum. Rem officia perferendis dignissimos rerum animi molestias error, rerum nostrum totam voluptatem accusantium blanditiis perferendis natus alias commodi, ratione dolor maxime cumque quod omnis, provident doloremque numquam blanditiis tempora aspernatur.', 'DIY Tools', 982.31, 989.77, '2020-11-01 10:20:05');
INSERT INTO auctions (UserName, ItemName, ItemDescription, Category, StartingPrice, ReservePrice, EndingTime) VALUES ('lazyBittern2', 'dicta', 'Hic quas explicabo velit, itaque iste debitis a maiores voluptate? Porro sit suscipit pariatur praesentium saepe, eligendi quasi laborum tenetur fuga, accusamus harum eligendi esse ab voluptate maiores hic, eveniet enim animi non reiciendis ipsam porro cupiditate assumenda deleniti quibusdam. Nulla quam aliquam qui quae mollitia id optio aspernatur ea possimus, laboriosam ex est assumenda alias esse, nisi odit non pariatur odio eligendi totam atque modi placeat enim?', 'Books', 714.24, 858.84, '2020-10-27 20:05:01');
INSERT INTO auctions (UserName, ItemName, ItemDescription, Category, StartingPrice, ReservePrice, EndingTime) VALUES ('enragedCheese6', 'quo ipsum officia illo necessitatibus', 'Quae quia laborum alias aut, cupiditate sunt repellendus ducimus est, autem blanditiis tenetur dolores eum ea facere cum reiciendis doloribus atque, dicta nesciunt ut id consequatur veritatis.', 'DIY Tools', 781.66, 903.80, '2020-11-30 16:52:05');
INSERT INTO auctions (UserName, ItemName, ItemDescription, Category, StartingPrice, ReservePrice, EndingTime) VALUES ('similarBittern6', 'hic cumque culpa soluta quasi fugiat similique', 'Sed voluptatum voluptate reprehenderit inventore officiis architecto, facilis quam quis eum a libero aperiam harum voluptates, explicabo nisi illum placeat ullam sunt labore accusamus eveniet, iusto accusamus quod natus aliquam, repellendus similique doloribus eaque ducimus nemo odit architecto laboriosam est.', 'Antiques', 30.97, 45.16, '2020-12-17 16:29:27');
INSERT INTO auctions (UserName, ItemName, ItemDescription, Category, StartingPrice, ReservePrice, EndingTime) VALUES ('jumpyWidgeon2', 'velit facilis rerum odio eos similique numquam', 'Laborum laudantium quo saepe porro unde velit neque consequatur obcaecati dignissimos, repellat odio vel minus eveniet aliquid, obcaecati blanditiis earum odio? Culpa nisi necessitatibus, accusamus officiis magnam molestias corrupti incidunt necessitatibus quae est deserunt facere eos, maxime architecto nihil, eligendi eum sequi reiciendis odit nemo placeat rerum maiores, quibusdam distinctio soluta similique nulla ratione itaque? Beatae voluptatum at eum tenetur, quisquam facere debitis magnam aliquid obcaecati quod.', 'Computer', 695.64, 798.47, '2020-10-29 08:58:07');
INSERT INTO auctions (UserName, ItemName, ItemDescription, Category, StartingPrice, ReservePrice, EndingTime) VALUES ('dreadfulSnipe9', 'ab possimus', 'Voluptatibus dolorem aut hic sint repudiandae aspernatur delectus consectetur est numquam vero, magni quidem sit ab eligendi quas a laborum obcaecati ex voluptatibus laboriosam, tempora explicabo nam aliquam, sapiente iste maxime facilis officia impedit dolores harum eligendi asperiores?', 'Toys', 537.57, 649.95, '2020-12-01 14:24:13');
INSERT INTO auctions (UserName, ItemName, ItemDescription, Category, StartingPrice, ReservePrice, EndingTime) VALUES ('goofyRuffs8', 'consectetur voluptatum voluptatem odit', 'Laborum nihil iusto consequatur rem alias, fugiat eveniet incidunt aspernatur, quibusdam minima maxime odit vero aut, error ut eaque reprehenderit numquam tempore explicabo illo.', 'Event Tickets', 88.55, 580.39, '2020-11-10 08:03:43');
INSERT INTO auctions (UserName, ItemName, ItemDescription, Category, StartingPrice, ReservePrice, EndingTime) VALUES ('outlyingWigeon8', 'voluptatem', 'Animi consequuntur atque consectetur, distinctio voluptas voluptatum velit esse doloremque incidunt eos tempora quaerat aspernatur veniam. Nulla quisquam assumenda necessitatibus ex ullam voluptatum ratione debitis impedit officiis maiores, numquam eaque provident aliquid accusamus delectus quidem, nulla exercitationem recusandae sit in repudiandae.', 'Art', 676.62, 696.19, '2020-12-09 10:31:15');
INSERT INTO auctions (UserName, ItemName, ItemDescription, Category, StartingPrice, ReservePrice, EndingTime) VALUES ('panickySausage3', 'molestiae', 'Voluptatem corrupti ea in itaque repudiandae nobis a inventore adipisci, provident excepturi illum voluptatum id, earum accusantium eaque asperiores, non consectetur error perspiciatis quae optio eaque quas sit pariatur repellat accusamus, placeat dolore rerum aperiam vero quam error reprehenderit provident dolores voluptatibus. In impedit est at a, consequatur beatae a. Aperiam perferendis accusamus neque aliquid illum quibusdam ab officia, sapiente neque necessitatibus iure at eaque tenetur quasi atque illum nostrum iste?', 'Toys', 937.55, 964.39, '2020-12-17 19:45:18');
INSERT INTO auctions (UserName, ItemName, ItemDescription, Category, StartingPrice, ReservePrice, EndingTime) VALUES ('panickySausage3', 'maxime', 'Neque mollitia omnis beatae blanditiis aliquam deserunt voluptatem maxime earum tempore placeat, quasi nesciunt illo error saepe accusantium reiciendis recusandae, quam amet ad nemo dolores possimus reiciendis magnam?', 'Vehicles', 378.17, 580.07, '2020-11-29 09:39:51');
INSERT INTO auctions (UserName, ItemName, ItemDescription, Category, StartingPrice, ReservePrice, EndingTime) VALUES ('outlyingWigeon8', 'officiis', 'Adipisci quo voluptatum nihil consectetur eaque harum repudiandae quis, dicta necessitatibus odit maiores possimus accusamus voluptatem esse officiis. Commodi odit recusandae magnam eaque, recusandae cupiditate quis voluptas possimus reiciendis dolore iste nobis, quae similique voluptatibus suscipit odit commodi voluptates, eveniet porro dolor minus ea necessitatibus vero beatae? Fuga quisquam est ipsa eveniet ratione molestiae cupiditate in, nesciunt alias sapiente quo.', 'Event Tickets', 369.30, 600.25, '2020-10-31 22:07:38');
INSERT INTO auctions (UserName, ItemName, ItemDescription, Category, StartingPrice, ReservePrice, EndingTime) VALUES ('jumpyWidgeon2', 'et', 'Impedit esse nemo temporibus eos, error quae vitae temporibus similique tempora soluta itaque consectetur natus?', 'Cameras and Photo', 70.87, 881.00, '2020-12-09 08:03:00');
INSERT INTO auctions (UserName, ItemName, ItemDescription, Category, StartingPrice, ReservePrice, EndingTime) VALUES ('vengefulSnipe3', 'maxime', 'Praesentium accusamus quidem incidunt pariatur provident cumque, labore inventore cupiditate debitis laboriosam dolores maxime odio aliquid aspernatur molestias voluptatem, quisquam mollitia enim.', 'Collectables', 888.99, 942.25, '2020-12-18 10:44:38');
INSERT INTO auctions (UserName, ItemName, ItemDescription, Category, StartingPrice, ReservePrice, EndingTime) VALUES ('offendedSeafowl9', 'eum nobis explicabo voluptates nihil', 'Suscipit ullam aperiam fuga, optio laudantium laboriosam et omnis, repellat atque sed doloremque laborum nisi natus ducimus blanditiis rem sequi ratione? Maiores modi laborum, natus aliquam doloribus quis reprehenderit quas dolorum dolore, at quis itaque voluptate quae neque explicabo nisi facilis quod sequi, commodi corporis voluptatibus itaque officia, sapiente dignissimos eos vel optio magni ipsum officiis minima eligendi. Asperiores accusamus facilis ea perferendis ipsam nemo eius enim, dolor facilis eveniet numquam tenetur distinctio quisquam veritatis nam obcaecati, neque id consequatur odio fugit ea porro natus hic ducimus necessitatibus, doloremque voluptatem iusto laudantium maiores doloribus iste possimus alias omnis illum.', 'Vehicles', 172.98, 955.17, '2020-12-21 09:51:50');
INSERT INTO auctions (UserName, ItemName, ItemDescription, Category, StartingPrice, ReservePrice, EndingTime) VALUES ('lazyBittern2', 'illum laboriosam perferendis in dolorum', 'Iste voluptatem hic natus minus, delectus dolorem amet voluptatibus harum ab tempora nisi, illum nihil porro sunt unde suscipit deserunt corrupti sequi, quas accusamus ullam, aperiam nostrum cum. Dicta ipsum praesentium eveniet, explicabo numquam consequuntur nam excepturi libero quasi sit itaque optio, aperiam suscipit quo voluptas odit cum nisi debitis quibusdam iusto, dolorem ut atque error nemo cumque dolores eum dolore saepe temporibus fuga, voluptatem architecto quas iusto explicabo nisi eaque optio perspiciatis maxime eum consectetur. Id inventore dolores ipsum corrupti omnis, aliquam ipsa tempore repellat quia nulla animi aspernatur officiis ab dolorum.', 'Garden', 390.89, 746.18, '2020-12-07 09:49:31');
INSERT INTO auctions (UserName, ItemName, ItemDescription, Category, StartingPrice, ReservePrice, EndingTime) VALUES ('lazyBittern2', 'harum saepe maxime aperiam totam', 'Molestiae atque nemo illo similique a dicta quas soluta nisi ipsum voluptatem, nam ipsam nostrum, sapiente quod quibusdam consequatur aliquid, reiciendis et rem magni nemo quibusdam itaque nihil, cum nemo reiciendis excepturi earum praesentium quibusdam quo fugiat? Magni perferendis officiis quis in et ullam aspernatur debitis incidunt beatae voluptatum, nam eveniet quos asperiores aspernatur est repellendus dicta dolorem, ad ut debitis unde iste odit repellendus.', 'Office and Industrial Equipments', 800.49, 900.43, '2020-12-15 03:19:06');
INSERT INTO auctions (UserName, ItemName, ItemDescription, Category, StartingPrice, ReservePrice, EndingTime) VALUES ('cynicalSnail4', 'laudantium veritatis pariatur fugit', 'Minima quos est ipsa facilis pariatur fuga officia tenetur sed eveniet necessitatibus, eos dicta qui magni eum fugit veniam reiciendis nobis accusamus assumenda et.', 'Collectables', 89.81, 794.81, '2020-11-16 22:03:44');
INSERT INTO auctions (UserName, ItemName, ItemDescription, Category, StartingPrice, ReservePrice, EndingTime) VALUES ('lazyBittern2', 'soluta', 'Voluptate a consequuntur deserunt ratione nisi voluptates numquam, fuga commodi nisi quae voluptate, est non consequuntur quod alias iure recusandae earum architecto dicta ipsam. Illum eos unde modi aut nisi, magni neque officiis sapiente ad, excepturi quis earum ipsam laudantium quos, esse voluptatem modi dolorum ipsa debitis perferendis?', 'DIY Tools', 342.63, 381.45, '2020-12-07 01:48:51');
INSERT INTO auctions (UserName, ItemName, ItemDescription, Category, StartingPrice, ReservePrice, EndingTime) VALUES ('enragedRelish4', 'omnis ipsa quidem nemo', 'Voluptate nisi maxime neque hic eaque illum perspiciatis accusantium commodi dolor fugiat, est repellendus minus hic voluptas, porro rem praesentium quos obcaecati dolores sit officia optio perspiciatis exercitationem reiciendis, commodi tempore dicta veniam itaque deserunt perferendis nisi nulla voluptatem, harum commodi tenetur dolorem aliquid adipisci sapiente voluptatum?', 'Health and Beauty', 604.02, 669.20, '2020-12-21 03:58:11');
INSERT INTO auctions (UserName, ItemName, ItemDescription, Category, StartingPrice, ReservePrice, EndingTime) VALUES ('giddyEagle0', 'exercitationem', 'Ex quia modi iste optio quas repellendus accusantium, deleniti consequuntur laudantium error, odit iure repellendus corrupti temporibus accusamus harum, totam perspiciatis inventore saepe vel placeat minus obcaecati, sed quisquam alias pariatur debitis laudantium qui deserunt. Dolor molestiae veniam, ut doloribus distinctio maiores facere corrupti iusto nostrum, aliquid voluptatum culpa autem quam vero illum delectus sint similique.', 'Garden', 678.31, 996.90, '2020-11-26 16:45:31');
INSERT INTO auctions (UserName, ItemName, ItemDescription, Category, StartingPrice, ReservePrice, EndingTime) VALUES ('kindBuck7', 'vel non dolores asperiores', 'Officia error iste accusantium ex fugit facilis natus, nulla sit animi possimus temporibus, natus sed excepturi, fugit sapiente saepe in impedit ex dolores pariatur doloremque dignissimos provident soluta, perspiciatis expedita amet consequatur quidem.', 'DIY Tools', 337.21, 680.03, '2020-11-09 19:28:59');
INSERT INTO auctions (UserName, ItemName, ItemDescription, Category, StartingPrice, ReservePrice, EndingTime) VALUES ('blissfulClam3', 'illo velit voluptas', 'Harum fugit quasi molestiae deserunt autem ipsum laborum magni eos distinctio odit, molestias facere cupiditate rem?', 'Event Tickets', 221.16, 923.85, '2020-10-24 15:20:57');
INSERT INTO auctions (UserName, ItemName, ItemDescription, Category, StartingPrice, ReservePrice, EndingTime) VALUES ('blissfulClam3', 'NoBids', 'Harum fugit quasi molestiae deserunt autem ipsum laborum magni eos distinctio odit, molestias facere cupiditate rem?', 'Event Tickets', 221.16, 923.85, '2020-11-30 15:20:57');

/*
    Creating and inserting values for the Bids table
*/

DROP TABLE IF EXISTS Bids;
CREATE TABLE Bids (
    BidID INT AUTO_INCREMENT,
    UserName VARCHAR(50),
    AuctionID INT,
    BidPrice FLOAT(10, 2) NOT NULL,
    BidTime DATETIME NOT NULL,
    Outcome VARCHAR(7),
    PRIMARY KEY (BidID),
    CONSTRAINT CHECK(Outcome IN ("Success", "Failed", "Pending")), 
    CONSTRAINT FK_UserName_Bids FOREIGN KEY (Username) REFERENCES auction.Users(Username),
    CONSTRAINT FK_AuctionID_Bids FOREIGN KEY (AuctionID) REFERENCES auction.Auctions(AuctionID)
) ENGINE=InnoDB;

INSERT INTO Bids (UserName, AuctionID, BidPrice, BidTime, Outcome) VALUES ('bubblyPonie4', 59, 6585.86, '2020-10-26 11:38:37', 'Pending');
INSERT INTO Bids (UserName, AuctionID, BidPrice, BidTime, Outcome) VALUES ('goofyJerky2', 46, 2761.02, '2020-12-04 20:13:38', 'Pending');
INSERT INTO Bids (UserName, AuctionID, BidPrice, BidTime, Outcome) VALUES ('brainyFalcon4', 44, 8110.91, '2020-11-14 12:57:03', 'Pending');
INSERT INTO Bids (UserName, AuctionID, BidPrice, BidTime, Outcome) VALUES ('aloofClam7', 6, 1249.78, '2020-11-22 16:01:16', 'Pending');
INSERT INTO Bids (UserName, AuctionID, BidPrice, BidTime, Outcome) VALUES ('insecureTermite5', 45, 2803.36, '2020-11-16 21:36:08', 'Pending');
INSERT INTO Bids (UserName, AuctionID, BidPrice, BidTime, Outcome) VALUES ('humorousHawk1', 21, 1786.79, '2020-10-21 17:46:23', 'Pending');
INSERT INTO Bids (UserName, AuctionID, BidPrice, BidTime, Outcome) VALUES ('sadGnu7', 39, 3976.07, '2020-11-05 18:38:39', 'Pending');
INSERT INTO Bids (UserName, AuctionID, BidPrice, BidTime, Outcome) VALUES ('goofyCow0', 65, 7059.72, '2020-10-27 18:55:54', 'Pending');
INSERT INTO Bids (UserName, AuctionID, BidPrice, BidTime, Outcome) VALUES ('worriedBaboon0', 27, 5853.15, '2020-11-25 07:16:31', 'Pending');
INSERT INTO Bids (UserName, AuctionID, BidPrice, BidTime, Outcome) VALUES ('contentCoconut3', 36, 7924.93, '2020-11-04 20:26:47', 'Pending');
INSERT INTO Bids (UserName, AuctionID, BidPrice, BidTime, Outcome) VALUES ('mereMoth7', 64, 5941.86, '2020-12-01 08:56:18', 'Pending');
INSERT INTO Bids (UserName, AuctionID, BidPrice, BidTime, Outcome) VALUES ('goofyCow0', 24, 5800.95, '2020-10-20 13:01:20', 'Pending');
INSERT INTO Bids (UserName, AuctionID, BidPrice, BidTime, Outcome) VALUES ('sadGnu7', 61, 6569.23, '2020-12-16 00:40:54', 'Pending');
INSERT INTO Bids (UserName, AuctionID, BidPrice, BidTime, Outcome) VALUES ('pitifulEggs4', 20, 3195.77, '2020-11-06 04:18:38', 'Pending');
INSERT INTO Bids (UserName, AuctionID, BidPrice, BidTime, Outcome) VALUES ('lovesickShads8', 65, 4486.11, '2020-11-09 22:44:55', 'Pending');
INSERT INTO Bids (UserName, AuctionID, BidPrice, BidTime, Outcome) VALUES ('bubblyPonie4', 44, 8549.10, '2020-10-29 19:51:40', 'Pending');
INSERT INTO Bids (UserName, AuctionID, BidPrice, BidTime, Outcome) VALUES ('mereMoth7', 43, 4298.02, '2020-11-23 10:53:25', 'Pending');
INSERT INTO Bids (UserName, AuctionID, BidPrice, BidTime, Outcome) VALUES ('affectedCardinal5', 60, 9825.37, '2020-11-11 08:32:19', 'Pending');
INSERT INTO Bids (UserName, AuctionID, BidPrice, BidTime, Outcome) VALUES ('debonairPie0', 70, 5667.82, '2020-10-21 00:06:13', 'Pending');
INSERT INTO Bids (UserName, AuctionID, BidPrice, BidTime, Outcome) VALUES ('cheerfulDunbird2', 59, 9510.52, '2020-10-20 03:43:52', 'Pending');
INSERT INTO Bids (UserName, AuctionID, BidPrice, BidTime, Outcome) VALUES ('emptySheep4', 55, 7249.95, '2020-11-08 19:16:12', 'Pending');
INSERT INTO Bids (UserName, AuctionID, BidPrice, BidTime, Outcome) VALUES ('affectedCardinal5', 14, 5213.56, '2020-10-23 11:07:57', 'Pending');
INSERT INTO Bids (UserName, AuctionID, BidPrice, BidTime, Outcome) VALUES ('mereQuiche4', 41, 1735.25, '2020-10-23 22:47:08', 'Pending');
INSERT INTO Bids (UserName, AuctionID, BidPrice, BidTime, Outcome) VALUES ('contentCoconut3', 65, 9227.94, '2020-11-04 09:57:32', 'Pending');
INSERT INTO Bids (UserName, AuctionID, BidPrice, BidTime, Outcome) VALUES ('goofyCow0', 13, 1709.84, '2020-11-10 13:30:45', 'Pending');
INSERT INTO Bids (UserName, AuctionID, BidPrice, BidTime, Outcome) VALUES ('blissfulMussel5', 26, 3109.01, '2020-12-02 01:08:45', 'Pending');
INSERT INTO Bids (UserName, AuctionID, BidPrice, BidTime, Outcome) VALUES ('sheepishMallard0', 46, 8010.47, '2020-11-01 22:47:09', 'Pending');
INSERT INTO Bids (UserName, AuctionID, BidPrice, BidTime, Outcome) VALUES ('insecureTermite5', 25, 9907.08, '2020-11-25 17:07:41', 'Pending');
INSERT INTO Bids (UserName, AuctionID, BidPrice, BidTime, Outcome) VALUES ('insecureTermite5', 6, 6464.38, '2020-11-11 17:04:54', 'Pending');
INSERT INTO Bids (UserName, AuctionID, BidPrice, BidTime, Outcome) VALUES ('aloofClam7', 5, 3953.07, '2020-10-28 02:16:13', 'Pending');
INSERT INTO Bids (UserName, AuctionID, BidPrice, BidTime, Outcome) VALUES ('wakefulOil2', 13, 5913.15, '2020-10-22 07:55:38', 'Pending');
INSERT INTO Bids (UserName, AuctionID, BidPrice, BidTime, Outcome) VALUES ('brainyToucan2', 36, 7187.92, '2020-10-28 17:35:50', 'Pending');
INSERT INTO Bids (UserName, AuctionID, BidPrice, BidTime, Outcome) VALUES ('mereMoth7', 60, 4751.62, '2020-10-28 12:37:10', 'Pending');
INSERT INTO Bids (UserName, AuctionID, BidPrice, BidTime, Outcome) VALUES ('obsessedCurlew5', 3, 6293.95, '2020-11-19 13:35:26', 'Pending');
INSERT INTO Bids (UserName, AuctionID, BidPrice, BidTime, Outcome) VALUES ('affectedCardinal5', 2, 6894.18, '2020-11-22 10:32:55', 'Pending');
INSERT INTO Bids (UserName, AuctionID, BidPrice, BidTime, Outcome) VALUES ('worriedBaboon0', 46, 4754.77, '2020-10-26 06:54:06', 'Pending');
INSERT INTO Bids (UserName, AuctionID, BidPrice, BidTime, Outcome) VALUES ('crummyCaviar3', 50, 988.31, '2020-10-25 09:55:08', 'Pending');
INSERT INTO Bids (UserName, AuctionID, BidPrice, BidTime, Outcome) VALUES ('brainyToucan2', 25, 9206.19, '2020-11-04 00:55:11', 'Pending');
INSERT INTO Bids (UserName, AuctionID, BidPrice, BidTime, Outcome) VALUES ('holisticOatmeal2', 34, 6996.17, '2020-10-26 18:52:59', 'Pending');
INSERT INTO Bids (UserName, AuctionID, BidPrice, BidTime, Outcome) VALUES ('bubblyPonie4', 56, 1497.96, '2020-10-29 03:49:56', 'Pending');
INSERT INTO Bids (UserName, AuctionID, BidPrice, BidTime, Outcome) VALUES ('blissfulMussel5', 22, 7874.09, '2020-12-02 13:14:09', 'Pending');
INSERT INTO Bids (UserName, AuctionID, BidPrice, BidTime, Outcome) VALUES ('brainyFalcon4', 24, 1152.64, '2020-11-12 00:14:03', 'Pending');
INSERT INTO Bids (UserName, AuctionID, BidPrice, BidTime, Outcome) VALUES ('wakefulOil2', 8, 8905.15, '2020-10-25 15:48:38', 'Pending');
INSERT INTO Bids (UserName, AuctionID, BidPrice, BidTime, Outcome) VALUES ('shyOryx1', 51, 2015.86, '2020-10-25 12:16:57', 'Pending');
INSERT INTO Bids (UserName, AuctionID, BidPrice, BidTime, Outcome) VALUES ('debonairPie0', 31, 9275.02, '2020-10-29 07:13:22', 'Pending');
INSERT INTO Bids (UserName, AuctionID, BidPrice, BidTime, Outcome) VALUES ('blissfulMussel5', 29, 9641.53, '2020-11-04 20:10:49', 'Pending');
INSERT INTO Bids (UserName, AuctionID, BidPrice, BidTime, Outcome) VALUES ('sheepishMallard0', 2, 5859.81, '2020-10-28 08:25:39', 'Pending');
INSERT INTO Bids (UserName, AuctionID, BidPrice, BidTime, Outcome) VALUES ('superiorEagle9', 29, 4463.12, '2020-11-15 22:50:04', 'Pending');
INSERT INTO Bids (UserName, AuctionID, BidPrice, BidTime, Outcome) VALUES ('goofyJerky2', 5, 6036.88, '2020-11-06 12:43:44', 'Pending');
INSERT INTO Bids (UserName, AuctionID, BidPrice, BidTime, Outcome) VALUES ('sheepishMallard0', 22, 6675.54, '2020-11-27 22:33:59', 'Pending');
INSERT INTO Bids (UserName, AuctionID, BidPrice, BidTime, Outcome) VALUES ('bubblyPonie4', 23, 4168.96, '2020-11-11 15:58:08', 'Pending');
INSERT INTO Bids (UserName, AuctionID, BidPrice, BidTime, Outcome) VALUES ('shyOryx1', 45, 5046.54, '2020-11-07 03:21:12', 'Pending');
INSERT INTO Bids (UserName, AuctionID, BidPrice, BidTime, Outcome) VALUES ('mereMoth7', 22, 7692.09, '2020-11-27 00:34:26', 'Pending');
INSERT INTO Bids (UserName, AuctionID, BidPrice, BidTime, Outcome) VALUES ('aloofClam7', 26, 7025.34, '2020-11-29 12:03:43', 'Pending');
INSERT INTO Bids (UserName, AuctionID, BidPrice, BidTime, Outcome) VALUES ('blissfulMussel5', 24, 2800.02, '2020-10-20 10:40:57', 'Pending');
INSERT INTO Bids (UserName, AuctionID, BidPrice, BidTime, Outcome) VALUES ('obsessedCurlew5', 63, 5143.69, '2020-10-22 13:22:48', 'Pending');
INSERT INTO Bids (UserName, AuctionID, BidPrice, BidTime, Outcome) VALUES ('soreCheetah1', 60, 4226.83, '2020-11-30 08:06:01', 'Pending');
INSERT INTO Bids (UserName, AuctionID, BidPrice, BidTime, Outcome) VALUES ('brainyFalcon4', 63, 1211.91, '2020-10-31 15:05:02', 'Pending');
INSERT INTO Bids (UserName, AuctionID, BidPrice, BidTime, Outcome) VALUES ('worriedBaboon0', 51, 3792.40, '2020-11-24 09:28:48', 'Pending');
INSERT INTO Bids (UserName, AuctionID, BidPrice, BidTime, Outcome) VALUES ('goofyCow0', 37, 6767.69, '2020-11-02 23:36:59', 'Pending');
INSERT INTO Bids (UserName, AuctionID, BidPrice, BidTime, Outcome) VALUES ('brainyToucan2', 48, 7015.89, '2020-10-23 18:29:58', 'Pending');
INSERT INTO Bids (UserName, AuctionID, BidPrice, BidTime, Outcome) VALUES ('debonairPie0', 6, 1460.98, '2020-11-15 11:21:58', 'Pending');
INSERT INTO Bids (UserName, AuctionID, BidPrice, BidTime, Outcome) VALUES ('brainyToucan2', 23, 6443.03, '2020-11-09 23:01:56', 'Pending');
INSERT INTO Bids (UserName, AuctionID, BidPrice, BidTime, Outcome) VALUES ('obsessedLard2', 4, 5753.60, '2020-11-11 07:48:00', 'Pending');
INSERT INTO Bids (UserName, AuctionID, BidPrice, BidTime, Outcome) VALUES ('emptySheep4', 65, 2989.06, '2020-11-13 12:38:08', 'Pending');
INSERT INTO Bids (UserName, AuctionID, BidPrice, BidTime, Outcome) VALUES ('wakefulOil2', 53, 8344.16, '2020-10-22 06:03:37', 'Pending');
INSERT INTO Bids (UserName, AuctionID, BidPrice, BidTime, Outcome) VALUES ('mereMoth7', 42, 1871.10, '2020-10-23 05:50:41', 'Pending');
INSERT INTO Bids (UserName, AuctionID, BidPrice, BidTime, Outcome) VALUES ('insecureTermite5', 31, 4951.05, '2020-10-21 20:24:08', 'Pending');
INSERT INTO Bids (UserName, AuctionID, BidPrice, BidTime, Outcome) VALUES ('bubblyPonie4', 36, 700.03, '2020-10-23 14:15:09', 'Pending');
INSERT INTO Bids (UserName, AuctionID, BidPrice, BidTime, Outcome) VALUES ('superiorEagle9', 30, 5351.60, '2020-10-27 10:31:37', 'Pending');
INSERT INTO Bids (UserName, AuctionID, BidPrice, BidTime, Outcome) VALUES ('humorousHawk1', 33, 7502.16, '2020-10-30 05:00:15', 'Pending');
INSERT INTO Bids (UserName, AuctionID, BidPrice, BidTime, Outcome) VALUES ('bubblyPonie4', 3, 9271.31, '2020-11-13 12:37:11', 'Pending');
INSERT INTO Bids (UserName, AuctionID, BidPrice, BidTime, Outcome) VALUES ('contentCoconut3', 30, 6250.57, '2020-10-27 13:36:28', 'Pending');
INSERT INTO Bids (UserName, AuctionID, BidPrice, BidTime, Outcome) VALUES ('crummyCaviar3', 3, 9721.37, '2020-10-21 03:06:24', 'Pending');
INSERT INTO Bids (UserName, AuctionID, BidPrice, BidTime, Outcome) VALUES ('affectedCardinal5', 15, 2081.32, '2020-11-02 18:26:36', 'Pending');
INSERT INTO Bids (UserName, AuctionID, BidPrice, BidTime, Outcome) VALUES ('fondBoa8', 70, 8188.36, '2020-10-20 21:17:40', 'Pending');
INSERT INTO Bids (UserName, AuctionID, BidPrice, BidTime, Outcome) VALUES ('obsessedLard2', 22, 7791.51, '2020-11-08 16:55:06', 'Pending');
INSERT INTO Bids (UserName, AuctionID, BidPrice, BidTime, Outcome) VALUES ('aloofClam7', 66, 9439.54, '2020-11-21 16:28:38', 'Pending');
INSERT INTO Bids (UserName, AuctionID, BidPrice, BidTime, Outcome) VALUES ('sadGnu7', 2, 6060.23, '2020-10-30 19:49:44', 'Pending');
INSERT INTO Bids (UserName, AuctionID, BidPrice, BidTime, Outcome) VALUES ('sadGnu7', 20, 1484.96, '2020-11-16 17:49:47', 'Pending');
INSERT INTO Bids (UserName, AuctionID, BidPrice, BidTime, Outcome) VALUES ('obsessedLard2', 38, 8521.32, '2020-10-23 09:31:42', 'Pending');
INSERT INTO Bids (UserName, AuctionID, BidPrice, BidTime, Outcome) VALUES ('madThrush1', 6, 3822.63, '2020-11-21 11:23:18', 'Pending');
INSERT INTO Bids (UserName, AuctionID, BidPrice, BidTime, Outcome) VALUES ('emptySheep4', 50, 7479.18, '2020-10-22 15:56:07', 'Pending');
INSERT INTO Bids (UserName, AuctionID, BidPrice, BidTime, Outcome) VALUES ('affectedCardinal5', 10, 8333.78, '2020-10-26 19:47:12', 'Pending');
INSERT INTO Bids (UserName, AuctionID, BidPrice, BidTime, Outcome) VALUES ('sheepishMallard0', 15, 634.27, '2020-10-20 12:34:06', 'Pending');
INSERT INTO Bids (UserName, AuctionID, BidPrice, BidTime, Outcome) VALUES ('madThrush1', 17, 745.79, '2020-11-19 16:41:46', 'Pending');
INSERT INTO Bids (UserName, AuctionID, BidPrice, BidTime, Outcome) VALUES ('madThrush1', 10, 8485.33, '2020-10-20 05:12:29', 'Pending');
INSERT INTO Bids (UserName, AuctionID, BidPrice, BidTime, Outcome) VALUES ('lovesickShads8', 6, 884.29, '2020-10-27 02:17:25', 'Pending');
INSERT INTO Bids (UserName, AuctionID, BidPrice, BidTime, Outcome) VALUES ('holisticOatmeal2', 60, 6605.81, '2020-11-07 22:26:14', 'Pending');
INSERT INTO Bids (UserName, AuctionID, BidPrice, BidTime, Outcome) VALUES ('mereMoth7', 10, 6600.44, '2020-10-20 05:01:16', 'Pending');
INSERT INTO Bids (UserName, AuctionID, BidPrice, BidTime, Outcome) VALUES ('insecureTermite5', 19, 6934.60, '2020-10-26 13:47:29', 'Pending');
INSERT INTO Bids (UserName, AuctionID, BidPrice, BidTime, Outcome) VALUES ('madThrush1', 12, 5967.74, '2020-10-21 07:48:54', 'Pending');
INSERT INTO Bids (UserName, AuctionID, BidPrice, BidTime, Outcome) VALUES ('debonairPie0', 57, 7912.25, '2020-12-07 08:03:20', 'Pending');
INSERT INTO Bids (UserName, AuctionID, BidPrice, BidTime, Outcome) VALUES ('lovesickShads8', 55, 2214.36, '2020-10-26 12:38:18', 'Pending');
INSERT INTO Bids (UserName, AuctionID, BidPrice, BidTime, Outcome) VALUES ('blissfulMussel5', 52, 4885.22, '2020-12-10 18:46:50', 'Pending');
INSERT INTO Bids (UserName, AuctionID, BidPrice, BidTime, Outcome) VALUES ('lovesickShads8', 24, 6426.18, '2020-11-16 07:31:00', 'Pending');
INSERT INTO Bids (UserName, AuctionID, BidPrice, BidTime, Outcome) VALUES ('wakefulOil2', 26, 7789.75, '2020-11-19 16:06:29', 'Pending');
INSERT INTO Bids (UserName, AuctionID, BidPrice, BidTime, Outcome) VALUES ('lovesickShads8', 28, 6463.60, '2020-11-21 12:10:19', 'Pending');
INSERT INTO Bids (UserName, AuctionID, BidPrice, BidTime, Outcome) VALUES ('emptySheep4', 39, 9002.81, '2020-11-24 14:14:31', 'Pending');
INSERT INTO Bids (UserName, AuctionID, BidPrice, BidTime, Outcome) VALUES ('affectedCardinal5', 27, 2968.87, '2020-10-30 11:58:15', 'Pending');
INSERT INTO Bids (UserName, AuctionID, BidPrice, BidTime, Outcome) VALUES ('mereMoth7', 14, 1414.54, '2020-10-27 20:53:30', 'Pending');
INSERT INTO Bids (UserName, AuctionID, BidPrice, BidTime, Outcome) VALUES ('worriedBaboon0', 58, 1837.45, '2020-11-06 15:58:54', 'Pending');
INSERT INTO Bids (UserName, AuctionID, BidPrice, BidTime, Outcome) VALUES ('insecureTermite5', 55, 9175.25, '2020-10-21 21:46:29', 'Pending');
INSERT INTO Bids (UserName, AuctionID, BidPrice, BidTime, Outcome) VALUES ('sadGnu7', 55, 3963.61, '2020-10-24 12:36:38', 'Pending');
INSERT INTO Bids (UserName, AuctionID, BidPrice, BidTime, Outcome) VALUES ('bubblyPonie4', 23, 1668.48, '2020-10-30 20:28:48', 'Pending');
INSERT INTO Bids (UserName, AuctionID, BidPrice, BidTime, Outcome) VALUES ('sheepishMallard0', 64, 6172.85, '2020-11-23 15:21:31', 'Pending');
INSERT INTO Bids (UserName, AuctionID, BidPrice, BidTime, Outcome) VALUES ('insecureTermite5', 16, 9703.78, '2020-11-25 03:05:45', 'Pending');
INSERT INTO Bids (UserName, AuctionID, BidPrice, BidTime, Outcome) VALUES ('pitifulEggs4', 17, 9372.60, '2020-11-26 13:36:49', 'Pending');
INSERT INTO Bids (UserName, AuctionID, BidPrice, BidTime, Outcome) VALUES ('zestySardines3', 59, 5501.85, '2020-10-24 03:52:28', 'Pending');
INSERT INTO Bids (UserName, AuctionID, BidPrice, BidTime, Outcome) VALUES ('obsessedLard2', 20, 6128.38, '2020-12-08 00:00:52', 'Pending');
INSERT INTO Bids (UserName, AuctionID, BidPrice, BidTime, Outcome) VALUES ('sheepishMallard0', 19, 4811.15, '2020-10-29 04:20:23', 'Pending');
INSERT INTO Bids (UserName, AuctionID, BidPrice, BidTime, Outcome) VALUES ('obsessedLard2', 45, 5291.21, '2020-11-20 00:54:34', 'Pending');
INSERT INTO Bids (UserName, AuctionID, BidPrice, BidTime, Outcome) VALUES ('madThrush1', 22, 2960.15, '2020-11-09 06:08:35', 'Pending');
INSERT INTO Bids (UserName, AuctionID, BidPrice, BidTime, Outcome) VALUES ('shyOryx1', 26, 1604.90, '2020-10-28 05:26:39', 'Pending');
INSERT INTO Bids (UserName, AuctionID, BidPrice, BidTime, Outcome) VALUES ('superiorEagle9', 27, 5894.10, '2020-11-28 07:57:20', 'Pending');
INSERT INTO Bids (UserName, AuctionID, BidPrice, BidTime, Outcome) VALUES ('sheepishMallard0', 13, 2408.68, '2020-11-12 01:40:32', 'Pending');
INSERT INTO Bids (UserName, AuctionID, BidPrice, BidTime, Outcome) VALUES ('crummyCaviar3', 58, 2345.99, '2020-11-27 08:36:51', 'Pending');
INSERT INTO Bids (UserName, AuctionID, BidPrice, BidTime, Outcome) VALUES ('sadGnu7', 13, 6676.70, '2020-11-11 14:33:45', 'Pending');
INSERT INTO Bids (UserName, AuctionID, BidPrice, BidTime, Outcome) VALUES ('mereMoth7', 58, 5022.18, '2020-11-13 04:27:45', 'Pending');
INSERT INTO Bids (UserName, AuctionID, BidPrice, BidTime, Outcome) VALUES ('superiorEagle9', 34, 402.64, '2020-12-11 18:00:06', 'Pending');
INSERT INTO Bids (UserName, AuctionID, BidPrice, BidTime, Outcome) VALUES ('blissfulMussel5', 13, 2822.48, '2020-10-20 00:34:43', 'Pending');
INSERT INTO Bids (UserName, AuctionID, BidPrice, BidTime, Outcome) VALUES ('obsessedLard2', 63, 8624.83, '2020-12-02 14:55:08', 'Pending');
INSERT INTO Bids (UserName, AuctionID, BidPrice, BidTime, Outcome) VALUES ('crummyCaviar3', 37, 4927.93, '2020-10-30 09:43:35', 'Pending');
INSERT INTO Bids (UserName, AuctionID, BidPrice, BidTime, Outcome) VALUES ('mildDingo3', 52, 3050.28, '2020-12-05 04:22:25', 'Pending');
INSERT INTO Bids (UserName, AuctionID, BidPrice, BidTime, Outcome) VALUES ('pitifulEggs4', 49, 5058.15, '2020-10-26 17:48:58', 'Pending');
INSERT INTO Bids (UserName, AuctionID, BidPrice, BidTime, Outcome) VALUES ('insecureTermite5', 68, 8741.91, '2020-10-25 15:49:09', 'Pending');
INSERT INTO Bids (UserName, AuctionID, BidPrice, BidTime, Outcome) VALUES ('mereQuiche4', 39, 2014.66, '2020-11-08 15:11:11', 'Pending');
INSERT INTO Bids (UserName, AuctionID, BidPrice, BidTime, Outcome) VALUES ('mildDingo3', 70, 453.71, '2020-10-20 14:40:17', 'Pending');
INSERT INTO Bids (UserName, AuctionID, BidPrice, BidTime, Outcome) VALUES ('brainyToucan2', 13, 1359.51, '2020-11-26 03:30:44', 'Pending');
INSERT INTO Bids (UserName, AuctionID, BidPrice, BidTime, Outcome) VALUES ('madThrush1', 58, 993.22, '2020-10-29 17:22:38', 'Pending');
INSERT INTO Bids (UserName, AuctionID, BidPrice, BidTime, Outcome) VALUES ('brainyToucan2', 34, 4622.83, '2020-10-23 22:43:22', 'Pending');
INSERT INTO Bids (UserName, AuctionID, BidPrice, BidTime, Outcome) VALUES ('goofyCow0', 60, 6087.20, '2020-10-27 19:10:23', 'Pending');
INSERT INTO Bids (UserName, AuctionID, BidPrice, BidTime, Outcome) VALUES ('obsessedCurlew5', 49, 7993.94, '2020-10-23 19:36:21', 'Pending');
INSERT INTO Bids (UserName, AuctionID, BidPrice, BidTime, Outcome) VALUES ('debonairPie0', 12, 7811.52, '2020-10-22 18:24:40', 'Pending');
INSERT INTO Bids (UserName, AuctionID, BidPrice, BidTime, Outcome) VALUES ('worriedBaboon0', 31, 1650.49, '2020-10-23 17:54:44', 'Pending');
INSERT INTO Bids (UserName, AuctionID, BidPrice, BidTime, Outcome) VALUES ('lovesickShads8', 66, 4653.52, '2020-10-24 03:48:15', 'Pending');
INSERT INTO Bids (UserName, AuctionID, BidPrice, BidTime, Outcome) VALUES ('bubblyPonie4', 3, 1097.20, '2020-10-21 11:14:28', 'Pending');
INSERT INTO Bids (UserName, AuctionID, BidPrice, BidTime, Outcome) VALUES ('obsessedLard2', 7, 1841.66, '2020-11-11 01:53:57', 'Pending');
INSERT INTO Bids (UserName, AuctionID, BidPrice, BidTime, Outcome) VALUES ('mereQuiche4', 30, 4770.11, '2020-10-25 23:51:40', 'Pending');
INSERT INTO Bids (UserName, AuctionID, BidPrice, BidTime, Outcome) VALUES ('debonairPie0', 41, 7357.10, '2020-10-21 05:16:43', 'Pending');
INSERT INTO Bids (UserName, AuctionID, BidPrice, BidTime, Outcome) VALUES ('brainyToucan2', 38, 8257.85, '2020-10-25 20:37:40', 'Pending');
INSERT INTO Bids (UserName, AuctionID, BidPrice, BidTime, Outcome) VALUES ('obsessedCurlew5', 26, 9123.30, '2020-12-02 09:24:02', 'Pending');
INSERT INTO Bids (UserName, AuctionID, BidPrice, BidTime, Outcome) VALUES ('aloofClam7', 18, 5785.64, '2020-11-05 07:22:03', 'Pending');
INSERT INTO Bids (UserName, AuctionID, BidPrice, BidTime, Outcome) VALUES ('mildDingo3', 9, 4504.33, '2020-11-08 02:17:35', 'Pending');
INSERT INTO Bids (UserName, AuctionID, BidPrice, BidTime, Outcome) VALUES ('insecureTermite5', 37, 8325.87, '2020-11-10 02:11:59', 'Pending');
INSERT INTO Bids (UserName, AuctionID, BidPrice, BidTime, Outcome) VALUES ('holisticOatmeal2', 41, 9243.84, '2020-10-23 05:44:29', 'Pending');
INSERT INTO Bids (UserName, AuctionID, BidPrice, BidTime, Outcome) VALUES ('cheerfulDunbird2', 53, 1076.68, '2020-10-26 19:58:06', 'Pending');
INSERT INTO Bids (UserName, AuctionID, BidPrice, BidTime, Outcome) VALUES ('worriedBaboon0', 53, 1235.54, '2020-10-24 20:52:00', 'Pending');
INSERT INTO Bids (UserName, AuctionID, BidPrice, BidTime, Outcome) VALUES ('contentCoconut3', 17, 2580.39, '2020-11-08 18:02:00', 'Pending');
INSERT INTO Bids (UserName, AuctionID, BidPrice, BidTime, Outcome) VALUES ('wakefulOil2', 15, 3616.71, '2020-10-31 17:15:46', 'Pending');
INSERT INTO Bids (UserName, AuctionID, BidPrice, BidTime, Outcome) VALUES ('superiorEagle9', 58, 6173.50, '2020-11-05 09:09:21', 'Pending');
INSERT INTO Bids (UserName, AuctionID, BidPrice, BidTime, Outcome) VALUES ('cheerfulDunbird2', 15, 6855.97, '2020-11-01 11:55:30', 'Pending');
INSERT INTO Bids (UserName, AuctionID, BidPrice, BidTime, Outcome) VALUES ('brainyToucan2', 59, 7654.77, '2020-10-26 10:54:39', 'Pending');
INSERT INTO Bids (UserName, AuctionID, BidPrice, BidTime, Outcome) VALUES ('goofyCow0', 33, 8264.87, '2020-10-31 11:00:40', 'Pending');
INSERT INTO Bids (UserName, AuctionID, BidPrice, BidTime, Outcome) VALUES ('lovesickShads8', 46, 6253.91, '2020-11-29 00:35:43', 'Pending');
INSERT INTO Bids (UserName, AuctionID, BidPrice, BidTime, Outcome) VALUES ('fondBoa8', 21, 3741.05, '2020-11-02 15:24:34', 'Pending');
INSERT INTO Bids (UserName, AuctionID, BidPrice, BidTime, Outcome) VALUES ('sadGnu7', 32, 3855.56, '2020-11-08 04:49:45', 'Pending');
INSERT INTO Bids (UserName, AuctionID, BidPrice, BidTime, Outcome) VALUES ('brainyToucan2', 33, 3313.67, '2020-11-14 02:05:02', 'Pending');
INSERT INTO Bids (UserName, AuctionID, BidPrice, BidTime, Outcome) VALUES ('brainyFalcon4', 68, 5568.69, '2020-10-31 01:08:37', 'Pending');
INSERT INTO Bids (UserName, AuctionID, BidPrice, BidTime, Outcome) VALUES ('contentCoconut3', 41, 1141.08, '2020-10-23 22:02:31', 'Pending');
INSERT INTO Bids (UserName, AuctionID, BidPrice, BidTime, Outcome) VALUES ('holisticOatmeal2', 6, 966.38, '2020-11-27 00:49:38', 'Pending');
INSERT INTO Bids (UserName, AuctionID, BidPrice, BidTime, Outcome) VALUES ('lovesickShads8', 39, 6171.93, '2020-10-21 03:11:59', 'Pending');
INSERT INTO Bids (UserName, AuctionID, BidPrice, BidTime, Outcome) VALUES ('bubblyPonie4', 22, 7910.21, '2020-10-21 00:20:27', 'Pending');
INSERT INTO Bids (UserName, AuctionID, BidPrice, BidTime, Outcome) VALUES ('superiorEagle9', 29, 1978.48, '2020-11-07 06:27:57', 'Pending');
INSERT INTO Bids (UserName, AuctionID, BidPrice, BidTime, Outcome) VALUES ('obsessedLard2', 64, 4642.22, '2020-10-28 18:19:49', 'Pending');
INSERT INTO Bids (UserName, AuctionID, BidPrice, BidTime, Outcome) VALUES ('crummyCaviar3', 27, 1629.68, '2020-11-23 23:25:05', 'Pending');
INSERT INTO Bids (UserName, AuctionID, BidPrice, BidTime, Outcome) VALUES ('fondBoa8', 56, 9218.25, '2020-11-22 01:15:48', 'Pending');
INSERT INTO Bids (UserName, AuctionID, BidPrice, BidTime, Outcome) VALUES ('worriedBaboon0', 69, 861.46, '2020-11-03 11:27:06', 'Pending');
INSERT INTO Bids (UserName, AuctionID, BidPrice, BidTime, Outcome) VALUES ('emptySheep4', 16, 2796.52, '2020-11-26 02:36:39', 'Pending');
INSERT INTO Bids (UserName, AuctionID, BidPrice, BidTime, Outcome) VALUES ('goofyJerky2', 9, 1708.98, '2020-11-01 20:21:24', 'Pending');
INSERT INTO Bids (UserName, AuctionID, BidPrice, BidTime, Outcome) VALUES ('goofyJerky2', 30, 7008.78, '2020-10-21 05:25:38', 'Pending');
INSERT INTO Bids (UserName, AuctionID, BidPrice, BidTime, Outcome) VALUES ('sadGnu7', 45, 1281.27, '2020-10-31 16:36:46', 'Pending');
INSERT INTO Bids (UserName, AuctionID, BidPrice, BidTime, Outcome) VALUES ('lovesickShads8', 40, 5103.34, '2020-10-23 21:26:24', 'Pending');
INSERT INTO Bids (UserName, AuctionID, BidPrice, BidTime, Outcome) VALUES ('lovesickShads8', 17, 2163.24, '2020-10-29 02:42:09', 'Pending');
INSERT INTO Bids (UserName, AuctionID, BidPrice, BidTime, Outcome) VALUES ('bubblyPonie4', 23, 6012.45, '2020-11-11 05:01:59', 'Pending');
INSERT INTO Bids (UserName, AuctionID, BidPrice, BidTime, Outcome) VALUES ('fondBoa8', 2, 3149.76, '2020-11-29 22:15:39', 'Pending');
INSERT INTO Bids (UserName, AuctionID, BidPrice, BidTime, Outcome) VALUES ('contentCoconut3', 25, 7296.43, '2020-11-01 04:13:39', 'Pending');
INSERT INTO Bids (UserName, AuctionID, BidPrice, BidTime, Outcome) VALUES ('mereQuiche4', 27, 3717.98, '2020-12-11 07:58:44', 'Pending');
INSERT INTO Bids (UserName, AuctionID, BidPrice, BidTime, Outcome) VALUES ('obsessedCurlew5', 46, 2502.39, '2020-11-03 16:34:11', 'Pending');
INSERT INTO Bids (UserName, AuctionID, BidPrice, BidTime, Outcome) VALUES ('superiorEagle9', 70, 4684.67, '2020-10-20 21:28:35', 'Pending');
INSERT INTO Bids (UserName, AuctionID, BidPrice, BidTime, Outcome) VALUES ('sadGnu7', 52, 600.04, '2020-11-20 08:26:24', 'Pending');
INSERT INTO Bids (UserName, AuctionID, BidPrice, BidTime, Outcome) VALUES ('contentCoconut3', 66, 5899.38, '2020-12-02 12:02:38', 'Pending');
INSERT INTO Bids (UserName, AuctionID, BidPrice, BidTime, Outcome) VALUES ('affectedCardinal5', 48, 8148.96, '2020-11-01 04:18:51', 'Pending');
INSERT INTO Bids (UserName, AuctionID, BidPrice, BidTime, Outcome) VALUES ('fondBoa8', 47, 1534.43, '2020-10-20 11:01:03', 'Pending');
INSERT INTO Bids (UserName, AuctionID, BidPrice, BidTime, Outcome) VALUES ('humorousHawk1', 17, 4207.26, '2020-11-07 14:53:52', 'Pending');
INSERT INTO Bids (UserName, AuctionID, BidPrice, BidTime, Outcome) VALUES ('brainyToucan2', 49, 5318.46, '2020-10-24 08:19:39', 'Pending');
INSERT INTO Bids (UserName, AuctionID, BidPrice, BidTime, Outcome) VALUES ('zestySardines3', 53, 9260.60, '2020-10-28 21:12:20', 'Pending');
INSERT INTO Bids (UserName, AuctionID, BidPrice, BidTime, Outcome) VALUES ('shyOryx1', 35, 7556.84, '2020-11-04 20:16:55', 'Pending');
INSERT INTO Bids (UserName, AuctionID, BidPrice, BidTime, Outcome) VALUES ('goofyJerky2', 50, 5699.95, '2020-10-22 04:08:50', 'Pending');
INSERT INTO Bids (UserName, AuctionID, BidPrice, BidTime, Outcome) VALUES ('soreCheetah1', 11, 5851.58, '2020-10-31 18:32:10', 'Pending');
INSERT INTO Bids (UserName, AuctionID, BidPrice, BidTime, Outcome) VALUES ('mereMoth7', 53, 8120.25, '2020-10-27 01:53:06', 'Pending');
INSERT INTO Bids (UserName, AuctionID, BidPrice, BidTime, Outcome) VALUES ('lovesickShads8', 44, 3557.70, '2020-11-10 23:22:59', 'Pending');
INSERT INTO Bids (UserName, AuctionID, BidPrice, BidTime, Outcome) VALUES ('mereQuiche4', 61, 8721.93, '2020-12-15 17:21:58', 'Pending');
INSERT INTO Bids (UserName, AuctionID, BidPrice, BidTime, Outcome) VALUES ('lovesickShads8', 32, 3883.40, '2020-10-23 01:30:22', 'Pending');
INSERT INTO Bids (UserName, AuctionID, BidPrice, BidTime, Outcome) VALUES ('insecureTermite5', 48, 7554.06, '2020-11-08 15:33:05', 'Pending');
INSERT INTO Bids (UserName, AuctionID, BidPrice, BidTime, Outcome) VALUES ('goofyCow0', 7, 4389.29, '2020-11-09 23:33:43', 'Pending');
INSERT INTO Bids (UserName, AuctionID, BidPrice, BidTime, Outcome) VALUES ('worriedBaboon0', 69, 5910.30, '2020-11-03 07:44:39', 'Pending');
INSERT INTO Bids (UserName, AuctionID, BidPrice, BidTime, Outcome) VALUES ('cheerfulDunbird2', 28, 8008.38, '2020-11-28 15:00:43', 'Pending');
INSERT INTO Bids (UserName, AuctionID, BidPrice, BidTime, Outcome) VALUES ('soreCheetah1', 27, 7472.48, '2020-11-21 23:45:12', 'Pending');
INSERT INTO Bids (UserName, AuctionID, BidPrice, BidTime, Outcome) VALUES ('wakefulOil2', 45, 2307.74, '2020-11-04 00:02:30', 'Pending');
INSERT INTO Bids (UserName, AuctionID, BidPrice, BidTime, Outcome) VALUES ('mereQuiche4', 63, 600.37, '2020-11-14 10:39:50', 'Pending');
INSERT INTO Bids (UserName, AuctionID, BidPrice, BidTime, Outcome) VALUES ('madThrush1', 4, 8643.52, '2020-12-08 20:47:15', 'Pending');
INSERT INTO Bids (UserName, AuctionID, BidPrice, BidTime, Outcome) VALUES ('insecureTermite5', 9, 4385.92, '2020-11-09 16:00:07', 'Pending');
INSERT INTO Bids (UserName, AuctionID, BidPrice, BidTime, Outcome) VALUES ('mereMoth7', 30, 3112.91, '2020-10-21 22:59:38', 'Pending');
INSERT INTO Bids (UserName, AuctionID, BidPrice, BidTime, Outcome) VALUES ('mereQuiche4', 41, 9213.19, '2020-10-20 12:15:43', 'Pending');
INSERT INTO Bids (UserName, AuctionID, BidPrice, BidTime, Outcome) VALUES ('obsessedLard2', 2, 3003.36, '2020-10-23 05:59:02', 'Pending');
INSERT INTO Bids (UserName, AuctionID, BidPrice, BidTime, Outcome) VALUES ('holisticOatmeal2', 12, 3271.45, '2020-11-02 00:41:11', 'Pending');
INSERT INTO Bids (UserName, AuctionID, BidPrice, BidTime, Outcome) VALUES ('crummyCaviar3', 47, 9499.11, '2020-11-27 22:33:28', 'Pending');
INSERT INTO Bids (UserName, AuctionID, BidPrice, BidTime, Outcome) VALUES ('shyOryx1', 47, 4523.23, '2020-11-24 08:08:56', 'Pending');
INSERT INTO Bids (UserName, AuctionID, BidPrice, BidTime, Outcome) VALUES ('sadGnu7', 46, 9110.67, '2020-11-17 20:05:17', 'Pending');
INSERT INTO Bids (UserName, AuctionID, BidPrice, BidTime, Outcome) VALUES ('mildDingo3', 7, 9975.94, '2020-10-22 06:01:46', 'Pending');
INSERT INTO Bids (UserName, AuctionID, BidPrice, BidTime, Outcome) VALUES ('obsessedCurlew5', 33, 286.48, '2020-11-14 05:44:47', 'Pending');
INSERT INTO Bids (UserName, AuctionID, BidPrice, BidTime, Outcome) VALUES ('worriedBaboon0', 42, 7886.87, '2020-10-20 13:07:45', 'Pending');
INSERT INTO Bids (UserName, AuctionID, BidPrice, BidTime, Outcome) VALUES ('fondBoa8', 59, 3955.53, '2020-10-20 01:07:51', 'Pending');
INSERT INTO Bids (UserName, AuctionID, BidPrice, BidTime, Outcome) VALUES ('brainyToucan2', 12, 9557.17, '2020-10-30 13:27:13', 'Pending');
INSERT INTO Bids (UserName, AuctionID, BidPrice, BidTime, Outcome) VALUES ('mildDingo3', 15, 3744.15, '2020-11-05 21:23:13', 'Pending');
INSERT INTO Bids (UserName, AuctionID, BidPrice, BidTime, Outcome) VALUES ('shyOryx1', 62, 8848.54, '2020-11-14 19:32:20', 'Pending');
INSERT INTO Bids (UserName, AuctionID, BidPrice, BidTime, Outcome) VALUES ('insecureTermite5', 57, 8744.96, '2020-11-27 07:44:34', 'Pending');
INSERT INTO Bids (UserName, AuctionID, BidPrice, BidTime, Outcome) VALUES ('mildDingo3', 33, 5862.30, '2020-10-20 14:56:37', 'Pending');
INSERT INTO Bids (UserName, AuctionID, BidPrice, BidTime, Outcome) VALUES ('holisticOatmeal2', 7, 7664.24, '2020-11-04 02:38:09', 'Pending');
INSERT INTO Bids (UserName, AuctionID, BidPrice, BidTime, Outcome) VALUES ('humorousHawk1', 33, 9765.00, '2020-10-24 07:38:26', 'Pending');
INSERT INTO Bids (UserName, AuctionID, BidPrice, BidTime, Outcome) VALUES ('soreCheetah1', 53, 3664.92, '2020-10-24 03:17:12', 'Pending');
INSERT INTO Bids (UserName, AuctionID, BidPrice, BidTime, Outcome) VALUES ('debonairPie0', 41, 3825.28, '2020-10-24 11:56:27', 'Pending');
INSERT INTO Bids (UserName, AuctionID, BidPrice, BidTime, Outcome) VALUES ('zestySardines3', 58, 4202.53, '2020-11-23 09:07:47', 'Pending');
INSERT INTO Bids (UserName, AuctionID, BidPrice, BidTime, Outcome) VALUES ('lovesickShads8', 62, 4666.87, '2020-11-29 06:16:30', 'Pending');
INSERT INTO Bids (UserName, AuctionID, BidPrice, BidTime, Outcome) VALUES ('worriedBaboon0', 8, 5087.43, '2020-11-22 18:08:12', 'Pending');
INSERT INTO Bids (UserName, AuctionID, BidPrice, BidTime, Outcome) VALUES ('madThrush1', 44, 3223.57, '2020-11-06 16:01:27', 'Pending');
INSERT INTO Bids (UserName, AuctionID, BidPrice, BidTime, Outcome) VALUES ('mildDingo3', 34, 8540.84, '2020-11-13 04:03:46', 'Pending');
INSERT INTO Bids (UserName, AuctionID, BidPrice, BidTime, Outcome) VALUES ('debonairPie0', 22, 7208.84, '2020-11-11 14:56:19', 'Pending');
INSERT INTO Bids (UserName, AuctionID, BidPrice, BidTime, Outcome) VALUES ('emptySheep4', 61, 2126.86, '2020-10-26 23:46:00', 'Pending');
INSERT INTO Bids (UserName, AuctionID, BidPrice, BidTime, Outcome) VALUES ('blissfulMussel5', 70, 3049.34, '2020-10-20 14:10:44', 'Pending');
INSERT INTO Bids (UserName, AuctionID, BidPrice, BidTime, Outcome) VALUES ('obsessedLard2', 49, 2424.32, '2020-10-29 15:43:55', 'Pending');
INSERT INTO Bids (UserName, AuctionID, BidPrice, BidTime, Outcome) VALUES ('superiorEagle9', 50, 1849.21, '2020-10-26 15:10:28', 'Pending');
INSERT INTO Bids (UserName, AuctionID, BidPrice, BidTime, Outcome) VALUES ('goofyCow0', 14, 7619.72, '2020-10-25 01:42:19', 'Pending');
INSERT INTO Bids (UserName, AuctionID, BidPrice, BidTime, Outcome) VALUES ('insecureTermite5', 65, 916.11, '2020-10-23 19:31:39', 'Pending');
INSERT INTO Bids (UserName, AuctionID, BidPrice, BidTime, Outcome) VALUES ('aloofClam7', 8, 9527.71, '2020-11-24 18:48:19', 'Pending');
INSERT INTO Bids (UserName, AuctionID, BidPrice, BidTime, Outcome) VALUES ('humorousHawk1', 45, 7851.63, '2020-11-12 12:44:56', 'Pending');
INSERT INTO Bids (UserName, AuctionID, BidPrice, BidTime, Outcome) VALUES ('mildDingo3', 11, 2248.51, '2020-11-21 02:24:19', 'Pending');
INSERT INTO Bids (UserName, AuctionID, BidPrice, BidTime, Outcome) VALUES ('sadGnu7', 27, 2169.19, '2020-10-26 02:21:42', 'Pending');
INSERT INTO Bids (UserName, AuctionID, BidPrice, BidTime, Outcome) VALUES ('goofyCow0', 8, 1404.63, '2020-11-28 06:43:39', 'Pending');
INSERT INTO Bids (UserName, AuctionID, BidPrice, BidTime, Outcome) VALUES ('goofyJerky2', 50, 7638.04, '2020-10-23 16:01:42', 'Pending');
INSERT INTO Bids (UserName, AuctionID, BidPrice, BidTime, Outcome) VALUES ('contentCoconut3', 51, 8774.34, '2020-11-02 04:54:53', 'Pending');
INSERT INTO Bids (UserName, AuctionID, BidPrice, BidTime, Outcome) VALUES ('emptySheep4', 22, 6657.26, '2020-10-23 12:10:25', 'Pending');
INSERT INTO Bids (UserName, AuctionID, BidPrice, BidTime, Outcome) VALUES ('cheerfulDunbird2', 35, 459.12, '2020-11-05 23:44:39', 'Pending');
INSERT INTO Bids (UserName, AuctionID, BidPrice, BidTime, Outcome) VALUES ('superiorEagle9', 23, 1620.23, '2020-11-05 10:50:31', 'Pending');
INSERT INTO Bids (UserName, AuctionID, BidPrice, BidTime, Outcome) VALUES ('wakefulOil2', 25, 5192.65, '2020-11-23 05:11:34', 'Pending');
INSERT INTO Bids (UserName, AuctionID, BidPrice, BidTime, Outcome) VALUES ('insecureTermite5', 17, 5948.51, '2020-10-24 00:05:04', 'Pending');
INSERT INTO Bids (UserName, AuctionID, BidPrice, BidTime, Outcome) VALUES ('sadGnu7', 10, 4036.27, '2020-10-22 03:59:00', 'Pending');
INSERT INTO Bids (UserName, AuctionID, BidPrice, BidTime, Outcome) VALUES ('crummyCaviar3', 63, 2857.42, '2020-11-24 01:28:51', 'Pending');
INSERT INTO Bids (UserName, AuctionID, BidPrice, BidTime, Outcome) VALUES ('shyOryx1', 24, 9521.66, '2020-11-18 22:36:24', 'Pending');
INSERT INTO Bids (UserName, AuctionID, BidPrice, BidTime, Outcome) VALUES ('mereMoth7', 6, 6214.38, '2020-11-08 05:26:01', 'Pending');
INSERT INTO Bids (UserName, AuctionID, BidPrice, BidTime, Outcome) VALUES ('insecureTermite5', 61, 5691.07, '2020-10-23 18:00:09', 'Pending');
INSERT INTO Bids (UserName, AuctionID, BidPrice, BidTime, Outcome) VALUES ('obsessedLard2', 9, 1912.69, '2020-11-02 04:08:17', 'Pending');
INSERT INTO Bids (UserName, AuctionID, BidPrice, BidTime, Outcome) VALUES ('bubblyPonie4', 36, 3376.25, '2020-10-31 19:18:08', 'Pending');
INSERT INTO Bids (UserName, AuctionID, BidPrice, BidTime, Outcome) VALUES ('brainyFalcon4', 26, 1347.69, '2020-11-23 03:39:29', 'Pending');
INSERT INTO Bids (UserName, AuctionID, BidPrice, BidTime, Outcome) VALUES ('cheerfulDunbird2', 2, 755.51, '2020-11-02 21:30:59', 'Pending');
INSERT INTO Bids (UserName, AuctionID, BidPrice, BidTime, Outcome) VALUES ('bubblyPonie4', 64, 6867.78, '2020-12-07 01:11:53', 'Pending');
INSERT INTO Bids (UserName, AuctionID, BidPrice, BidTime, Outcome) VALUES ('goofyJerky2', 17, 1101.10, '2020-11-28 08:54:15', 'Pending');
INSERT INTO Bids (UserName, AuctionID, BidPrice, BidTime, Outcome) VALUES ('mildDingo3', 63, 7882.76, '2020-10-28 15:52:16', 'Pending');
INSERT INTO Bids (UserName, AuctionID, BidPrice, BidTime, Outcome) VALUES ('aloofClam7', 42, 3073.09, '2020-10-21 18:32:45', 'Pending');
INSERT INTO Bids (UserName, AuctionID, BidPrice, BidTime, Outcome) VALUES ('soreCheetah1', 19, 8354.76, '2020-11-03 10:39:14', 'Pending');
INSERT INTO Bids (UserName, AuctionID, BidPrice, BidTime, Outcome) VALUES ('crummyCaviar3', 4, 4127.74, '2020-12-05 02:23:15', 'Pending');
INSERT INTO Bids (UserName, AuctionID, BidPrice, BidTime, Outcome) VALUES ('insecureTermite5', 65, 1734.16, '2020-11-06 19:31:42', 'Pending');
INSERT INTO Bids (UserName, AuctionID, BidPrice, BidTime, Outcome) VALUES ('contentCoconut3', 57, 4048.13, '2020-10-29 01:26:27', 'Pending');
INSERT INTO Bids (UserName, AuctionID, BidPrice, BidTime, Outcome) VALUES ('debonairPie0', 36, 248.32, '2020-10-25 06:20:11', 'Pending');
INSERT INTO Bids (UserName, AuctionID, BidPrice, BidTime, Outcome) VALUES ('sadGnu7', 57, 991.75, '2020-11-24 08:48:20', 'Pending');
INSERT INTO Bids (UserName, AuctionID, BidPrice, BidTime, Outcome) VALUES ('superiorEagle9', 16, 9402.05, '2020-11-06 04:23:37', 'Pending');
INSERT INTO Bids (UserName, AuctionID, BidPrice, BidTime, Outcome) VALUES ('obsessedCurlew5', 42, 6600.00, '2020-10-20 10:06:31', 'Pending');
INSERT INTO Bids (UserName, AuctionID, BidPrice, BidTime, Outcome) VALUES ('zestySardines3', 5, 7809.69, '2020-11-06 02:21:58', 'Pending');
INSERT INTO Bids (UserName, AuctionID, BidPrice, BidTime, Outcome) VALUES ('zestySardines3', 31, 2263.84, '2020-10-24 20:39:19', 'Pending');
INSERT INTO Bids (UserName, AuctionID, BidPrice, BidTime, Outcome) VALUES ('obsessedCurlew5', 58, 6555.74, '2020-10-24 00:25:58', 'Pending');
INSERT INTO Bids (UserName, AuctionID, BidPrice, BidTime, Outcome) VALUES ('mildDingo3', 34, 1080.08, '2020-12-02 15:22:19', 'Pending');
INSERT INTO Bids (UserName, AuctionID, BidPrice, BidTime, Outcome) VALUES ('crummyCaviar3', 61, 9677.33, '2020-12-03 00:47:36', 'Pending');
INSERT INTO Bids (UserName, AuctionID, BidPrice, BidTime, Outcome) VALUES ('holisticOatmeal2', 57, 4861.36, '2020-12-10 07:32:03', 'Pending');
INSERT INTO Bids (UserName, AuctionID, BidPrice, BidTime, Outcome) VALUES ('mildDingo3', 61, 1752.21, '2020-10-25 23:02:06', 'Pending');
INSERT INTO Bids (UserName, AuctionID, BidPrice, BidTime, Outcome) VALUES ('worriedBaboon0', 15, 1711.81, '2020-10-21 13:38:00', 'Pending');
INSERT INTO Bids (UserName, AuctionID, BidPrice, BidTime, Outcome) VALUES ('emptySheep4', 19, 8253.00, '2020-11-01 12:09:42', 'Pending');
INSERT INTO Bids (UserName, AuctionID, BidPrice, BidTime, Outcome) VALUES ('blissfulMussel5', 11, 7630.53, '2020-11-03 02:54:59', 'Pending');
INSERT INTO Bids (UserName, AuctionID, BidPrice, BidTime, Outcome) VALUES ('aloofClam7', 14, 7406.03, '2020-10-28 08:57:53', 'Pending');
INSERT INTO Bids (UserName, AuctionID, BidPrice, BidTime, Outcome) VALUES ('sheepishMallard0', 26, 8174.14, '2020-10-26 06:26:11', 'Pending');
INSERT INTO Bids (UserName, AuctionID, BidPrice, BidTime, Outcome) VALUES ('pitifulEggs4', 68, 3536.99, '2020-11-06 18:19:57', 'Pending');
INSERT INTO Bids (UserName, AuctionID, BidPrice, BidTime, Outcome) VALUES ('bubblyPonie4', 23, 4456.37, '2020-10-23 10:44:55', 'Pending');
INSERT INTO Bids (UserName, AuctionID, BidPrice, BidTime, Outcome) VALUES ('mildDingo3', 37, 8865.26, '2020-10-24 12:40:47', 'Pending');
INSERT INTO Bids (UserName, AuctionID, BidPrice, BidTime, Outcome) VALUES ('contentCoconut3', 32, 4183.26, '2020-11-03 13:57:47', 'Pending');
INSERT INTO Bids (UserName, AuctionID, BidPrice, BidTime, Outcome) VALUES ('obsessedLard2', 60, 8035.01, '2020-10-22 22:06:16', 'Pending');
INSERT INTO Bids (UserName, AuctionID, BidPrice, BidTime, Outcome) VALUES ('obsessedLard2', 32, 1023.64, '2020-10-25 16:13:42', 'Pending');
INSERT INTO Bids (UserName, AuctionID, BidPrice, BidTime, Outcome) VALUES ('soreCheetah1', 18, 2905.12, '2020-10-25 13:34:55', 'Pending');
INSERT INTO Bids (UserName, AuctionID, BidPrice, BidTime, Outcome) VALUES ('cheerfulDunbird2', 37, 4563.24, '2020-11-08 13:14:09', 'Pending');
INSERT INTO Bids (UserName, AuctionID, BidPrice, BidTime, Outcome) VALUES ('superiorEagle9', 1, 6252.29, '2020-10-21 17:47:42', 'Pending');
INSERT INTO Bids (UserName, AuctionID, BidPrice, BidTime, Outcome) VALUES ('insecureTermite5', 55, 372.39, '2020-11-05 00:20:21', 'Pending');
INSERT INTO Bids (UserName, AuctionID, BidPrice, BidTime, Outcome) VALUES ('cheerfulDunbird2', 17, 3757.91, '2020-10-28 13:53:18', 'Pending');
INSERT INTO Bids (UserName, AuctionID, BidPrice, BidTime, Outcome) VALUES ('pitifulEggs4', 13, 7369.82, '2020-10-26 16:56:54', 'Pending');
INSERT INTO Bids (UserName, AuctionID, BidPrice, BidTime, Outcome) VALUES ('insecureTermite5', 46, 1495.97, '2020-12-12 14:30:49', 'Pending');
INSERT INTO Bids (UserName, AuctionID, BidPrice, BidTime, Outcome) VALUES ('pitifulEggs4', 50, 1401.60, '2020-10-21 14:16:25', 'Pending');
INSERT INTO Bids (UserName, AuctionID, BidPrice, BidTime, Outcome) VALUES ('wakefulOil2', 55, 4365.04, '2020-11-05 07:03:44', 'Pending');
INSERT INTO Bids (UserName, AuctionID, BidPrice, BidTime, Outcome) VALUES ('contentCoconut3', 38, 2953.86, '2020-11-03 16:37:32', 'Pending');
INSERT INTO Bids (UserName, AuctionID, BidPrice, BidTime, Outcome) VALUES ('mereQuiche4', 68, 8544.37, '2020-11-25 15:53:42', 'Pending');
INSERT INTO Bids (UserName, AuctionID, BidPrice, BidTime, Outcome) VALUES ('sheepishMallard0', 9, 7399.53, '2020-11-03 11:45:09', 'Pending');
INSERT INTO Bids (UserName, AuctionID, BidPrice, BidTime, Outcome) VALUES ('mereMoth7', 1, 5921.21, '2020-10-20 21:14:40', 'Pending');
INSERT INTO Bids (UserName, AuctionID, BidPrice, BidTime, Outcome) VALUES ('crummyCaviar3', 16, 1040.10, '2020-10-24 03:12:41', 'Pending');
INSERT INTO Bids (UserName, AuctionID, BidPrice, BidTime, Outcome) VALUES ('cheerfulDunbird2', 8, 2643.55, '2020-11-03 02:57:34', 'Pending');
INSERT INTO Bids (UserName, AuctionID, BidPrice, BidTime, Outcome) VALUES ('obsessedCurlew5', 67, 4660.16, '2020-10-27 23:56:24', 'Pending');
INSERT INTO Bids (UserName, AuctionID, BidPrice, BidTime, Outcome) VALUES ('holisticOatmeal2', 68, 8813.16, '2020-11-17 00:47:32', 'Pending');
INSERT INTO Bids (UserName, AuctionID, BidPrice, BidTime, Outcome) VALUES ('aloofClam7', 33, 8886.72, '2020-11-08 03:40:10', 'Pending');
INSERT INTO Bids (UserName, AuctionID, BidPrice, BidTime, Outcome) VALUES ('goofyJerky2', 51, 7460.60, '2020-10-25 16:47:55', 'Pending');
INSERT INTO Bids (UserName, AuctionID, BidPrice, BidTime, Outcome) VALUES ('affectedCardinal5', 29, 4650.94, '2020-12-13 15:06:41', 'Pending');
INSERT INTO Bids (UserName, AuctionID, BidPrice, BidTime, Outcome) VALUES ('lovesickShads8', 40, 9958.38, '2020-11-10 08:11:04', 'Pending');
INSERT INTO Bids (UserName, AuctionID, BidPrice, BidTime, Outcome) VALUES ('affectedCardinal5', 23, 2941.36, '2020-11-02 12:06:09', 'Pending');
INSERT INTO Bids (UserName, AuctionID, BidPrice, BidTime, Outcome) VALUES ('soreCheetah1', 28, 9281.18, '2020-11-01 02:59:14', 'Pending');
INSERT INTO Bids (UserName, AuctionID, BidPrice, BidTime, Outcome) VALUES ('zestySardines3', 21, 4111.77, '2020-11-09 14:22:21', 'Pending');
INSERT INTO Bids (UserName, AuctionID, BidPrice, BidTime, Outcome) VALUES ('humorousHawk1', 67, 4592.43, '2020-11-04 06:26:03', 'Pending');
INSERT INTO Bids (UserName, AuctionID, BidPrice, BidTime, Outcome) VALUES ('insecureTermite5', 46, 3218.30, '2020-11-16 17:22:07', 'Pending');
INSERT INTO Bids (UserName, AuctionID, BidPrice, BidTime, Outcome) VALUES ('brainyFalcon4', 11, 7135.93, '2020-10-29 11:16:19', 'Pending');
INSERT INTO Bids (UserName, AuctionID, BidPrice, BidTime, Outcome) VALUES ('affectedCardinal5', 7, 3279.20, '2020-11-07 09:06:39', 'Pending');
INSERT INTO Bids (UserName, AuctionID, BidPrice, BidTime, Outcome) VALUES ('wakefulOil2', 69, 6237.78, '2020-10-29 11:43:54', 'Pending');
INSERT INTO Bids (UserName, AuctionID, BidPrice, BidTime, Outcome) VALUES ('insecureTermite5', 49, 5062.62, '2020-10-24 08:35:45', 'Pending');
INSERT INTO Bids (UserName, AuctionID, BidPrice, BidTime, Outcome) VALUES ('brainyToucan2', 42, 8861.22, '2020-10-20 07:21:15', 'Pending');
INSERT INTO Bids (UserName, AuctionID, BidPrice, BidTime, Outcome) VALUES ('brainyToucan2', 40, 4131.74, '2020-11-26 20:11:03', 'Pending');
INSERT INTO Bids (UserName, AuctionID, BidPrice, BidTime, Outcome) VALUES ('sheepishMallard0', 53, 1611.97, '2020-10-21 21:57:18', 'Pending');
INSERT INTO Bids (UserName, AuctionID, BidPrice, BidTime, Outcome) VALUES ('wakefulOil2', 16, 4107.15, '2020-11-25 16:01:51', 'Pending');
INSERT INTO Bids (UserName, AuctionID, BidPrice, BidTime, Outcome) VALUES ('aloofClam7', 56, 7077.63, '2020-12-01 20:35:32', 'Pending');
INSERT INTO Bids (UserName, AuctionID, BidPrice, BidTime, Outcome) VALUES ('madThrush1', 20, 5992.07, '2020-12-01 10:17:55', 'Pending');
INSERT INTO Bids (UserName, AuctionID, BidPrice, BidTime, Outcome) VALUES ('madThrush1', 67, 3571.05, '2020-11-04 13:06:53', 'Pending');
INSERT INTO Bids (UserName, AuctionID, BidPrice, BidTime, Outcome) VALUES ('fondBoa8', 41, 5883.12, '2020-10-23 11:18:59', 'Pending');
INSERT INTO Bids (UserName, AuctionID, BidPrice, BidTime, Outcome) VALUES ('crummyCaviar3', 18, 6855.57, '2020-11-13 10:15:39', 'Pending');
INSERT INTO Bids (UserName, AuctionID, BidPrice, BidTime, Outcome) VALUES ('sadGnu7', 7, 2268.24, '2020-11-09 07:55:56', 'Pending');
INSERT INTO Bids (UserName, AuctionID, BidPrice, BidTime, Outcome) VALUES ('worriedBaboon0', 35, 5758.39, '2020-10-21 21:15:06', 'Pending');
INSERT INTO Bids (UserName, AuctionID, BidPrice, BidTime, Outcome) VALUES ('madThrush1', 69, 4931.46, '2020-10-29 00:25:54', 'Pending');
INSERT INTO Bids (UserName, AuctionID, BidPrice, BidTime, Outcome) VALUES ('fondBoa8', 35, 5587.18, '2020-11-05 20:59:11', 'Pending');
INSERT INTO Bids (UserName, AuctionID, BidPrice, BidTime, Outcome) VALUES ('goofyCow0', 53, 7010.09, '2020-10-25 10:53:28', 'Pending');
INSERT INTO Bids (UserName, AuctionID, BidPrice, BidTime, Outcome) VALUES ('fondBoa8', 21, 4977.46, '2020-10-20 12:43:55', 'Pending');
INSERT INTO Bids (UserName, AuctionID, BidPrice, BidTime, Outcome) VALUES ('mereQuiche4', 36, 6371.95, '2020-10-27 15:32:06', 'Pending');
INSERT INTO Bids (UserName, AuctionID, BidPrice, BidTime, Outcome) VALUES ('sheepishMallard0', 30, 4827.03, '2020-10-27 09:04:08', 'Pending');
INSERT INTO Bids (UserName, AuctionID, BidPrice, BidTime, Outcome) VALUES ('crummyCaviar3', 32, 2052.06, '2020-10-27 11:29:44', 'Pending');
INSERT INTO Bids (UserName, AuctionID, BidPrice, BidTime, Outcome) VALUES ('obsessedCurlew5', 18, 7311.29, '2020-11-23 18:35:46', 'Pending');
INSERT INTO Bids (UserName, AuctionID, BidPrice, BidTime, Outcome) VALUES ('sheepishMallard0', 10, 2383.69, '2020-10-20 09:24:51', 'Pending');
INSERT INTO Bids (UserName, AuctionID, BidPrice, BidTime, Outcome) VALUES ('blissfulMussel5', 65, 7095.33, '2020-11-16 04:41:25', 'Pending');
INSERT INTO Bids (UserName, AuctionID, BidPrice, BidTime, Outcome) VALUES ('goofyJerky2', 12, 4073.47, '2020-10-30 23:05:24', 'Pending');
INSERT INTO Bids (UserName, AuctionID, BidPrice, BidTime, Outcome) VALUES ('aloofClam7', 27, 2440.79, '2020-11-16 17:15:07', 'Pending');
INSERT INTO Bids (UserName, AuctionID, BidPrice, BidTime, Outcome) VALUES ('aloofClam7', 26, 3573.87, '2020-10-28 23:33:36', 'Pending');
INSERT INTO Bids (UserName, AuctionID, BidPrice, BidTime, Outcome) VALUES ('debonairPie0', 4, 4145.56, '2020-12-07 19:54:07', 'Pending');
INSERT INTO Bids (UserName, AuctionID, BidPrice, BidTime, Outcome) VALUES ('cheerfulDunbird2', 62, 9043.13, '2020-11-07 16:08:45', 'Pending');
INSERT INTO Bids (UserName, AuctionID, BidPrice, BidTime, Outcome) VALUES ('shyOryx1', 24, 2942.15, '2020-11-12 14:37:07', 'Pending');
INSERT INTO Bids (UserName, AuctionID, BidPrice, BidTime, Outcome) VALUES ('brainyToucan2', 64, 7115.17, '2020-11-09 19:31:34', 'Pending');
INSERT INTO Bids (UserName, AuctionID, BidPrice, BidTime, Outcome) VALUES ('obsessedLard2', 20, 522.36, '2020-10-26 05:29:43', 'Pending');
INSERT INTO Bids (UserName, AuctionID, BidPrice, BidTime, Outcome) VALUES ('mereMoth7', 55, 9911.20, '2020-11-01 04:07:18', 'Pending');
INSERT INTO Bids (UserName, AuctionID, BidPrice, BidTime, Outcome) VALUES ('sadGnu7', 30, 6820.60, '2020-10-21 14:16:59', 'Pending');
INSERT INTO Bids (UserName, AuctionID, BidPrice, BidTime, Outcome) VALUES ('lovesickShads8', 69, 7451.57, '2020-10-20 17:54:28', 'Pending');
INSERT INTO Bids (UserName, AuctionID, BidPrice, BidTime, Outcome) VALUES ('mereMoth7', 67, 9266.45, '2020-12-10 20:42:32', 'Pending');
INSERT INTO Bids (UserName, AuctionID, BidPrice, BidTime, Outcome) VALUES ('fondBoa8', 11, 5320.12, '2020-12-02 15:07:55', 'Pending');
INSERT INTO Bids (UserName, AuctionID, BidPrice, BidTime, Outcome) VALUES ('blissfulMussel5', 67, 7420.61, '2020-11-12 02:06:33', 'Pending');
INSERT INTO Bids (UserName, AuctionID, BidPrice, BidTime, Outcome) VALUES ('superiorEagle9', 39, 3972.32, '2020-11-13 15:03:18', 'Pending');
INSERT INTO Bids (UserName, AuctionID, BidPrice, BidTime, Outcome) VALUES ('goofyJerky2', 67, 2352.33, '2020-11-30 10:23:28', 'Pending');
INSERT INTO Bids (UserName, AuctionID, BidPrice, BidTime, Outcome) VALUES ('sheepishMallard0', 26, 8737.40, '2020-12-02 07:11:19', 'Pending');
INSERT INTO Bids (UserName, AuctionID, BidPrice, BidTime, Outcome) VALUES ('madThrush1', 31, 9524.24, '2020-11-30 22:38:57', 'Pending');
INSERT INTO Bids (UserName, AuctionID, BidPrice, BidTime, Outcome) VALUES ('goofyJerky2', 13, 2787.69, '2020-10-29 07:22:33', 'Pending');
INSERT INTO Bids (UserName, AuctionID, BidPrice, BidTime, Outcome) VALUES ('zestySardines3', 68, 9730.76, '2020-11-03 01:44:46', 'Pending');
INSERT INTO Bids (UserName, AuctionID, BidPrice, BidTime, Outcome) VALUES ('bubblyPonie4', 33, 4827.64, '2020-11-08 03:43:25', 'Pending');
INSERT INTO Bids (UserName, AuctionID, BidPrice, BidTime, Outcome) VALUES ('humorousHawk1', 40, 7972.85, '2020-11-04 18:59:34', 'Pending');
INSERT INTO Bids (UserName, AuctionID, BidPrice, BidTime, Outcome) VALUES ('pitifulEggs4', 26, 6923.74, '2020-11-20 13:36:42', 'Pending');
INSERT INTO Bids (UserName, AuctionID, BidPrice, BidTime, Outcome) VALUES ('sheepishMallard0', 26, 9967.71, '2020-11-12 22:43:14', 'Pending');
INSERT INTO Bids (UserName, AuctionID, BidPrice, BidTime, Outcome) VALUES ('brainyToucan2', 55, 3649.39, '2020-11-05 04:16:19', 'Pending');
INSERT INTO Bids (UserName, AuctionID, BidPrice, BidTime, Outcome) VALUES ('wakefulOil2', 7, 2980.73, '2020-10-25 17:26:12', 'Pending');
INSERT INTO Bids (UserName, AuctionID, BidPrice, BidTime, Outcome) VALUES ('bubblyPonie4', 11, 520.64, '2020-11-04 10:39:23', 'Pending');
INSERT INTO Bids (UserName, AuctionID, BidPrice, BidTime, Outcome) VALUES ('crummyCaviar3', 53, 8101.77, '2020-10-21 12:53:30', 'Pending');
INSERT INTO Bids (UserName, AuctionID, BidPrice, BidTime, Outcome) VALUES ('worriedBaboon0', 11, 5792.10, '2020-12-11 07:25:57', 'Pending');
INSERT INTO Bids (UserName, AuctionID, BidPrice, BidTime, Outcome) VALUES ('mildDingo3', 11, 7425.94, '2020-11-15 03:16:45', 'Pending');
INSERT INTO Bids (UserName, AuctionID, BidPrice, BidTime, Outcome) VALUES ('obsessedCurlew5', 24, 9733.65, '2020-11-15 12:45:56', 'Pending');
INSERT INTO Bids (UserName, AuctionID, BidPrice, BidTime, Outcome) VALUES ('insecureTermite5', 19, 4214.03, '2020-10-21 11:14:40', 'Pending');
INSERT INTO Bids (UserName, AuctionID, BidPrice, BidTime, Outcome) VALUES ('aloofClam7', 7, 7869.00, '2020-10-21 12:15:32', 'Pending');
INSERT INTO Bids (UserName, AuctionID, BidPrice, BidTime, Outcome) VALUES ('obsessedCurlew5', 62, 9269.91, '2020-12-16 10:01:46', 'Pending');
INSERT INTO Bids (UserName, AuctionID, BidPrice, BidTime, Outcome) VALUES ('contentCoconut3', 62, 1509.69, '2020-10-27 08:02:11', 'Pending');
INSERT INTO Bids (UserName, AuctionID, BidPrice, BidTime, Outcome) VALUES ('worriedBaboon0', 3, 8066.51, '2020-10-26 00:20:56', 'Pending');
INSERT INTO Bids (UserName, AuctionID, BidPrice, BidTime, Outcome) VALUES ('superiorEagle9', 15, 9301.18, '2020-10-29 13:53:12', 'Pending');
INSERT INTO Bids (UserName, AuctionID, BidPrice, BidTime, Outcome) VALUES ('goofyCow0', 61, 1622.31, '2020-11-19 13:54:49', 'Pending');
INSERT INTO Bids (UserName, AuctionID, BidPrice, BidTime, Outcome) VALUES ('crummyCaviar3', 43, 2643.90, '2020-11-16 22:25:56', 'Pending');
INSERT INTO Bids (UserName, AuctionID, BidPrice, BidTime, Outcome) VALUES ('emptySheep4', 22, 983.82, '2020-12-08 10:38:04', 'Pending');
INSERT INTO Bids (UserName, AuctionID, BidPrice, BidTime, Outcome) VALUES ('crummyCaviar3', 64, 4008.60, '2020-10-23 00:44:11', 'Pending');
INSERT INTO Bids (UserName, AuctionID, BidPrice, BidTime, Outcome) VALUES ('brainyToucan2', 49, 7053.19, '2020-10-20 17:59:53', 'Pending');
INSERT INTO Bids (UserName, AuctionID, BidPrice, BidTime, Outcome) VALUES ('superiorEagle9', 43, 9374.41, '2020-10-28 13:13:30', 'Pending');
INSERT INTO Bids (UserName, AuctionID, BidPrice, BidTime, Outcome) VALUES ('contentCoconut3', 56, 5965.91, '2020-11-30 12:17:56', 'Pending');
INSERT INTO Bids (UserName, AuctionID, BidPrice, BidTime, Outcome) VALUES ('brainyFalcon4', 48, 4196.68, '2020-10-30 18:13:19', 'Pending');
INSERT INTO Bids (UserName, AuctionID, BidPrice, BidTime, Outcome) VALUES ('blissfulMussel5', 2, 1642.66, '2020-12-06 23:01:13', 'Pending');
INSERT INTO Bids (UserName, AuctionID, BidPrice, BidTime, Outcome) VALUES ('goofyCow0', 40, 2391.33, '2020-11-16 09:33:12', 'Pending');
INSERT INTO Bids (UserName, AuctionID, BidPrice, BidTime, Outcome) VALUES ('bubblyPonie4', 26, 4268.89, '2020-11-01 02:00:44', 'Pending');
INSERT INTO Bids (UserName, AuctionID, BidPrice, BidTime, Outcome) VALUES ('shyOryx1', 37, 4196.82, '2020-10-21 16:57:49', 'Pending');
INSERT INTO Bids (UserName, AuctionID, BidPrice, BidTime, Outcome) VALUES ('mereQuiche4', 15, 799.50, '2020-11-01 19:32:29', 'Pending');
INSERT INTO Bids (UserName, AuctionID, BidPrice, BidTime, Outcome) VALUES ('cheerfulDunbird2', 54, 3284.84, '2020-11-03 10:33:22', 'Pending');
INSERT INTO Bids (UserName, AuctionID, BidPrice, BidTime, Outcome) VALUES ('shyOryx1', 63, 7676.26, '2020-11-25 23:09:27', 'Pending');
INSERT INTO Bids (UserName, AuctionID, BidPrice, BidTime, Outcome) VALUES ('brainyToucan2', 20, 799.27, '2020-11-07 03:24:54', 'Pending');
INSERT INTO Bids (UserName, AuctionID, BidPrice, BidTime, Outcome) VALUES ('madThrush1', 48, 8918.25, '2020-11-08 04:37:59', 'Pending');
INSERT INTO Bids (UserName, AuctionID, BidPrice, BidTime, Outcome) VALUES ('aloofClam7', 61, 6900.09, '2020-10-20 01:44:16', 'Pending');
INSERT INTO Bids (UserName, AuctionID, BidPrice, BidTime, Outcome) VALUES ('sadGnu7', 8, 1140.43, '2020-11-24 09:33:36', 'Pending');
INSERT INTO Bids (UserName, AuctionID, BidPrice, BidTime, Outcome) VALUES ('madThrush1', 55, 1607.81, '2020-11-09 20:00:16', 'Pending');
INSERT INTO Bids (UserName, AuctionID, BidPrice, BidTime, Outcome) VALUES ('affectedCardinal5', 4, 5866.14, '2020-11-18 09:39:10', 'Pending');
INSERT INTO Bids (UserName, AuctionID, BidPrice, BidTime, Outcome) VALUES ('insecureTermite5', 51, 1720.40, '2020-11-09 15:32:46', 'Pending');
INSERT INTO Bids (UserName, AuctionID, BidPrice, BidTime, Outcome) VALUES ('bubblyPonie4', 64, 5883.97, '2020-11-25 16:04:34', 'Pending');
INSERT INTO Bids (UserName, AuctionID, BidPrice, BidTime, Outcome) VALUES ('blissfulMussel5', 24, 6829.39, '2020-10-26 21:45:03', 'Pending');
INSERT INTO Bids (UserName, AuctionID, BidPrice, BidTime, Outcome) VALUES ('goofyCow0', 47, 9376.90, '2020-10-24 09:38:51', 'Pending');
INSERT INTO Bids (UserName, AuctionID, BidPrice, BidTime, Outcome) VALUES ('bubblyPonie4', 21, 7132.88, '2020-11-08 22:19:59', 'Pending');
INSERT INTO Bids (UserName, AuctionID, BidPrice, BidTime, Outcome) VALUES ('mereMoth7', 3, 9132.18, '2020-11-03 00:51:06', 'Pending');
INSERT INTO Bids (UserName, AuctionID, BidPrice, BidTime, Outcome) VALUES ('zestySardines3', 44, 2840.56, '2020-10-29 13:06:04', 'Pending');
INSERT INTO Bids (UserName, AuctionID, BidPrice, BidTime, Outcome) VALUES ('goofyJerky2', 30, 7694.65, '2020-10-21 09:12:58', 'Pending');
INSERT INTO Bids (UserName, AuctionID, BidPrice, BidTime, Outcome) VALUES ('pitifulEggs4', 20, 8326.12, '2020-11-13 04:54:17', 'Pending');
INSERT INTO Bids (UserName, AuctionID, BidPrice, BidTime, Outcome) VALUES ('zestySardines3', 48, 9383.93, '2020-10-28 12:16:59', 'Pending');
INSERT INTO Bids (UserName, AuctionID, BidPrice, BidTime, Outcome) VALUES ('mereMoth7', 34, 615.59, '2020-10-25 08:58:15', 'Pending');
INSERT INTO Bids (UserName, AuctionID, BidPrice, BidTime, Outcome) VALUES ('aloofClam7', 22, 6148.83, '2020-11-27 05:27:26', 'Pending');
INSERT INTO Bids (UserName, AuctionID, BidPrice, BidTime, Outcome) VALUES ('aloofClam7', 42, 3243.68, '2020-10-20 07:10:01', 'Pending');
INSERT INTO Bids (UserName, AuctionID, BidPrice, BidTime, Outcome) VALUES ('holisticOatmeal2', 68, 9160.63, '2020-10-22 21:29:45', 'Pending');
INSERT INTO Bids (UserName, AuctionID, BidPrice, BidTime, Outcome) VALUES ('obsessedCurlew5', 69, 5440.16, '2020-11-06 15:32:05', 'Pending');
INSERT INTO Bids (UserName, AuctionID, BidPrice, BidTime, Outcome) VALUES ('aloofClam7', 26, 9502.88, '2020-10-23 17:22:55', 'Pending');
INSERT INTO Bids (UserName, AuctionID, BidPrice, BidTime, Outcome) VALUES ('holisticOatmeal2', 15, 1715.75, '2020-10-31 11:38:41', 'Pending');
INSERT INTO Bids (UserName, AuctionID, BidPrice, BidTime, Outcome) VALUES ('emptySheep4', 18, 4599.14, '2020-11-16 13:14:04', 'Pending');
INSERT INTO Bids (UserName, AuctionID, BidPrice, BidTime, Outcome) VALUES ('debonairPie0', 61, 9755.55, '2020-11-16 14:37:37', 'Pending');
INSERT INTO Bids (UserName, AuctionID, BidPrice, BidTime, Outcome) VALUES ('mereQuiche4', 67, 2490.91, '2020-10-23 18:23:51', 'Pending');
INSERT INTO Bids (UserName, AuctionID, BidPrice, BidTime, Outcome) VALUES ('bubblyPonie4', 58, 4691.14, '2020-11-27 15:37:46', 'Pending');
INSERT INTO Bids (UserName, AuctionID, BidPrice, BidTime, Outcome) VALUES ('brainyToucan2', 7, 2345.75, '2020-11-15 17:40:22', 'Pending');
INSERT INTO Bids (UserName, AuctionID, BidPrice, BidTime, Outcome) VALUES ('emptySheep4', 55, 8920.49, '2020-10-22 14:44:02', 'Pending');
INSERT INTO Bids (UserName, AuctionID, BidPrice, BidTime, Outcome) VALUES ('shyOryx1', 54, 4990.30, '2020-10-27 17:32:37', 'Pending');
INSERT INTO Bids (UserName, AuctionID, BidPrice, BidTime, Outcome) VALUES ('holisticOatmeal2', 12, 5952.01, '2020-10-27 09:01:25', 'Pending');
INSERT INTO Bids (UserName, AuctionID, BidPrice, BidTime, Outcome) VALUES ('fondBoa8', 10, 7454.92, '2020-10-25 04:03:20', 'Pending');
INSERT INTO Bids (UserName, AuctionID, BidPrice, BidTime, Outcome) VALUES ('brainyToucan2', 34, 1097.68, '2020-10-28 02:24:52', 'Pending');
INSERT INTO Bids (UserName, AuctionID, BidPrice, BidTime, Outcome) VALUES ('debonairPie0', 59, 7001.09, '2020-10-26 19:53:11', 'Pending');
INSERT INTO Bids (UserName, AuctionID, BidPrice, BidTime, Outcome) VALUES ('insecureTermite5', 37, 6396.70, '2020-11-09 12:38:30', 'Pending');
INSERT INTO Bids (UserName, AuctionID, BidPrice, BidTime, Outcome) VALUES ('worriedBaboon0', 1, 847.28, '2020-10-20 18:17:58', 'Pending');
INSERT INTO Bids (UserName, AuctionID, BidPrice, BidTime, Outcome) VALUES ('debonairPie0', 50, 6789.12, '2020-10-20 08:22:28', 'Pending');
INSERT INTO Bids (UserName, AuctionID, BidPrice, BidTime, Outcome) VALUES ('holisticOatmeal2', 20, 2669.06, '2020-12-02 10:45:52', 'Pending');
INSERT INTO Bids (UserName, AuctionID, BidPrice, BidTime, Outcome) VALUES ('sheepishMallard0', 48, 2829.75, '2020-11-04 09:09:51', 'Pending');
INSERT INTO Bids (UserName, AuctionID, BidPrice, BidTime, Outcome) VALUES ('wakefulOil2', 10, 1441.75, '2020-10-21 13:46:57', 'Pending');
INSERT INTO Bids (UserName, AuctionID, BidPrice, BidTime, Outcome) VALUES ('lovesickShads8', 11, 4563.85, '2020-11-19 19:56:45', 'Pending');
INSERT INTO Bids (UserName, AuctionID, BidPrice, BidTime, Outcome) VALUES ('mereQuiche4', 50, 2115.82, '2020-10-25 06:39:14', 'Pending');
INSERT INTO Bids (UserName, AuctionID, BidPrice, BidTime, Outcome) VALUES ('bubblyPonie4', 15, 6281.76, '2020-10-29 22:01:39', 'Pending');
INSERT INTO Bids (UserName, AuctionID, BidPrice, BidTime, Outcome) VALUES ('brainyFalcon4', 46, 1538.07, '2020-11-03 02:58:27', 'Pending');
INSERT INTO Bids (UserName, AuctionID, BidPrice, BidTime, Outcome) VALUES ('cheerfulDunbird2', 7, 9031.12, '2020-10-24 17:38:57', 'Pending');
INSERT INTO Bids (UserName, AuctionID, BidPrice, BidTime, Outcome) VALUES ('blissfulMussel5', 24, 7770.50, '2020-11-09 22:28:44', 'Pending');
INSERT INTO Bids (UserName, AuctionID, BidPrice, BidTime, Outcome) VALUES ('superiorEagle9', 51, 6687.16, '2020-11-20 08:52:52', 'Pending');
INSERT INTO Bids (UserName, AuctionID, BidPrice, BidTime, Outcome) VALUES ('sheepishMallard0', 45, 7528.88, '2020-11-03 02:44:13', 'Pending');
INSERT INTO Bids (UserName, AuctionID, BidPrice, BidTime, Outcome) VALUES ('holisticOatmeal2', 66, 5907.12, '2020-12-03 14:50:44', 'Pending');
INSERT INTO Bids (UserName, AuctionID, BidPrice, BidTime, Outcome) VALUES ('mereMoth7', 44, 3795.11, '2020-10-20 09:19:06', 'Pending');
INSERT INTO Bids (UserName, AuctionID, BidPrice, BidTime, Outcome) VALUES ('shyOryx1', 10, 1421.15, '2020-10-25 17:41:15', 'Pending');
INSERT INTO Bids (UserName, AuctionID, BidPrice, BidTime, Outcome) VALUES ('affectedCardinal5', 11, 826.11, '2020-12-20 06:43:55', 'Pending');
INSERT INTO Bids (UserName, AuctionID, BidPrice, BidTime, Outcome) VALUES ('pitifulEggs4', 48, 1805.15, '2020-11-02 03:21:27', 'Pending');
INSERT INTO Bids (UserName, AuctionID, BidPrice, BidTime, Outcome) VALUES ('goofyCow0', 26, 3064.25, '2020-11-06 02:55:10', 'Pending');
INSERT INTO Bids (UserName, AuctionID, BidPrice, BidTime, Outcome) VALUES ('zestySardines3', 68, 4306.38, '2020-10-27 06:17:09', 'Pending');
INSERT INTO Bids (UserName, AuctionID, BidPrice, BidTime, Outcome) VALUES ('superiorEagle9', 42, 2466.98, '2020-10-23 20:22:50', 'Pending');
INSERT INTO Bids (UserName, AuctionID, BidPrice, BidTime, Outcome) VALUES ('cheerfulDunbird2', 32, 1190.22, '2020-10-25 23:13:30', 'Pending');
INSERT INTO Bids (UserName, AuctionID, BidPrice, BidTime, Outcome) VALUES ('madThrush1', 68, 6173.32, '2020-11-12 09:22:32', 'Pending');
INSERT INTO Bids (UserName, AuctionID, BidPrice, BidTime, Outcome) VALUES ('insecureTermite5', 60, 635.68, '2020-11-23 06:30:17', 'Pending');
INSERT INTO Bids (UserName, AuctionID, BidPrice, BidTime, Outcome) VALUES ('sheepishMallard0', 45, 2985.41, '2020-11-10 06:56:13', 'Pending');
INSERT INTO Bids (UserName, AuctionID, BidPrice, BidTime, Outcome) VALUES ('mereMoth7', 11, 8902.29, '2020-12-02 09:28:04', 'Pending');
INSERT INTO Bids (UserName, AuctionID, BidPrice, BidTime, Outcome) VALUES ('goofyCow0', 28, 1032.62, '2020-10-27 01:04:29', 'Pending');
INSERT INTO Bids (UserName, AuctionID, BidPrice, BidTime, Outcome) VALUES ('zestySardines3', 60, 4054.21, '2020-11-11 20:05:32', 'Pending');
INSERT INTO Bids (UserName, AuctionID, BidPrice, BidTime, Outcome) VALUES ('brainyFalcon4', 62, 8893.35, '2020-12-09 00:33:54', 'Pending');
INSERT INTO Bids (UserName, AuctionID, BidPrice, BidTime, Outcome) VALUES ('bubblyPonie4', 30, 5720.13, '2020-10-22 23:25:08', 'Pending');
INSERT INTO Bids (UserName, AuctionID, BidPrice, BidTime, Outcome) VALUES ('cheerfulDunbird2', 10, 9258.66, '2020-10-25 09:09:28', 'Pending');
INSERT INTO Bids (UserName, AuctionID, BidPrice, BidTime, Outcome) VALUES ('holisticOatmeal2', 58, 4147.53, '2020-11-27 15:50:19', 'Pending');
INSERT INTO Bids (UserName, AuctionID, BidPrice, BidTime, Outcome) VALUES ('superiorEagle9', 4, 9410.09, '2020-11-12 05:54:30', 'Pending');
INSERT INTO Bids (UserName, AuctionID, BidPrice, BidTime, Outcome) VALUES ('shyOryx1', 4, 5309.51, '2020-10-27 02:42:32', 'Pending');
INSERT INTO Bids (UserName, AuctionID, BidPrice, BidTime, Outcome) VALUES ('zestySardines3', 7, 3909.98, '2020-10-25 19:20:42', 'Pending');
INSERT INTO Bids (UserName, AuctionID, BidPrice, BidTime, Outcome) VALUES ('crummyCaviar3', 6, 3245.21, '2020-10-31 11:48:06', 'Pending');
INSERT INTO Bids (UserName, AuctionID, BidPrice, BidTime, Outcome) VALUES ('pitifulEggs4', 45, 3794.89, '2020-10-30 13:48:30', 'Pending');
INSERT INTO Bids (UserName, AuctionID, BidPrice, BidTime, Outcome) VALUES ('superiorEagle9', 32, 2514.32, '2020-11-07 08:32:36', 'Pending');
INSERT INTO Bids (UserName, AuctionID, BidPrice, BidTime, Outcome) VALUES ('fondBoa8', 16, 4799.88, '2020-10-25 05:17:40', 'Pending');
INSERT INTO Bids (UserName, AuctionID, BidPrice, BidTime, Outcome) VALUES ('obsessedLard2', 58, 2953.36, '2020-11-01 13:17:00', 'Pending');
INSERT INTO Bids (UserName, AuctionID, BidPrice, BidTime, Outcome) VALUES ('aloofClam7', 22, 3888.15, '2020-12-20 13:22:04', 'Pending');
INSERT INTO Bids (UserName, AuctionID, BidPrice, BidTime, Outcome) VALUES ('zestySardines3', 29, 3456.37, '2020-10-28 12:39:52', 'Pending');
INSERT INTO Bids (UserName, AuctionID, BidPrice, BidTime, Outcome) VALUES ('zestySardines3', 20, 5797.05, '2020-12-03 17:07:36', 'Pending');
INSERT INTO Bids (UserName, AuctionID, BidPrice, BidTime, Outcome) VALUES ('mereMoth7', 47, 9882.79, '2020-11-08 04:41:41', 'Pending');
INSERT INTO Bids (UserName, AuctionID, BidPrice, BidTime, Outcome) VALUES ('madThrush1', 44, 9529.57, '2020-11-05 23:48:59', 'Pending');
INSERT INTO Bids (UserName, AuctionID, BidPrice, BidTime, Outcome) VALUES ('superiorEagle9', 41, 3843.87, '2020-10-22 14:05:32', 'Pending');
INSERT INTO Bids (UserName, AuctionID, BidPrice, BidTime, Outcome) VALUES ('mereQuiche4', 14, 7762.12, '2020-10-25 17:45:49', 'Pending');
INSERT INTO Bids (UserName, AuctionID, BidPrice, BidTime, Outcome) VALUES ('sadGnu7', 37, 9706.62, '2020-10-24 11:53:51', 'Pending');
INSERT INTO Bids (UserName, AuctionID, BidPrice, BidTime, Outcome) VALUES ('madThrush1', 4, 8399.06, '2020-12-07 12:13:03', 'Pending');
INSERT INTO Bids (UserName, AuctionID, BidPrice, BidTime, Outcome) VALUES ('lovesickShads8', 38, 2638.85, '2020-10-20 19:29:15', 'Pending');
INSERT INTO Bids (UserName, AuctionID, BidPrice, BidTime, Outcome) VALUES ('goofyJerky2', 6, 6159.25, '2020-12-01 00:30:51', 'Pending');
INSERT INTO Bids (UserName, AuctionID, BidPrice, BidTime, Outcome) VALUES ('debonairPie0', 70, 9482.04, '2020-10-22 00:33:30', 'Pending');
INSERT INTO Bids (UserName, AuctionID, BidPrice, BidTime, Outcome) VALUES ('brainyFalcon4', 62, 1764.15, '2020-12-13 10:00:10', 'Pending');
INSERT INTO Bids (UserName, AuctionID, BidPrice, BidTime, Outcome) VALUES ('blissfulMussel5', 22, 7605.85, '2020-12-12 18:33:41', 'Pending');
INSERT INTO Bids (UserName, AuctionID, BidPrice, BidTime, Outcome) VALUES ('obsessedCurlew5', 13, 2580.18, '2020-11-04 07:01:36', 'Pending');
INSERT INTO Bids (UserName, AuctionID, BidPrice, BidTime, Outcome) VALUES ('mereMoth7', 63, 9239.24, '2020-11-17 19:55:43', 'Pending');
INSERT INTO Bids (UserName, AuctionID, BidPrice, BidTime, Outcome) VALUES ('pitifulEggs4', 56, 8227.32, '2020-11-03 18:05:09', 'Pending');
INSERT INTO Bids (UserName, AuctionID, BidPrice, BidTime, Outcome) VALUES ('sheepishMallard0', 69, 2731.30, '2020-10-21 08:44:12', 'Pending');
INSERT INTO Bids (UserName, AuctionID, BidPrice, BidTime, Outcome) VALUES ('mereQuiche4', 51, 8701.64, '2020-11-19 19:18:09', 'Pending');
INSERT INTO Bids (UserName, AuctionID, BidPrice, BidTime, Outcome) VALUES ('affectedCardinal5', 46, 3714.03, '2020-12-12 08:40:13', 'Pending');
INSERT INTO Bids (UserName, AuctionID, BidPrice, BidTime, Outcome) VALUES ('sheepishMallard0', 7, 7341.79, '2020-10-20 06:29:32', 'Pending');
INSERT INTO Bids (UserName, AuctionID, BidPrice, BidTime, Outcome) VALUES ('soreCheetah1', 6, 6059.54, '2020-11-29 19:31:48', 'Pending');
INSERT INTO Bids (UserName, AuctionID, BidPrice, BidTime, Outcome) VALUES ('mildDingo3', 3, 6873.60, '2020-11-11 14:22:25', 'Pending');
INSERT INTO Bids (UserName, AuctionID, BidPrice, BidTime, Outcome) VALUES ('obsessedCurlew5', 69, 5344.40, '2020-11-02 03:31:21', 'Pending');
INSERT INTO Bids (UserName, AuctionID, BidPrice, BidTime, Outcome) VALUES ('mereMoth7', 64, 9382.15, '2020-11-25 19:43:03', 'Pending');
INSERT INTO Bids (UserName, AuctionID, BidPrice, BidTime, Outcome) VALUES ('holisticOatmeal2', 19, 9015.51, '2020-10-25 03:23:40', 'Pending');
INSERT INTO Bids (UserName, AuctionID, BidPrice, BidTime, Outcome) VALUES ('insecureTermite5', 5, 7366.26, '2020-10-22 01:17:36', 'Pending');
INSERT INTO Bids (UserName, AuctionID, BidPrice, BidTime, Outcome) VALUES ('crummyCaviar3', 38, 9362.64, '2020-10-20 21:17:51', 'Pending');
INSERT INTO Bids (UserName, AuctionID, BidPrice, BidTime, Outcome) VALUES ('crummyCaviar3', 58, 2302.61, '2020-10-26 19:00:50', 'Pending');
INSERT INTO Bids (UserName, AuctionID, BidPrice, BidTime, Outcome) VALUES ('madThrush1', 12, 9025.89, '2020-10-30 06:08:43', 'Pending');
INSERT INTO Bids (UserName, AuctionID, BidPrice, BidTime, Outcome) VALUES ('cheerfulDunbird2', 36, 2673.21, '2020-10-20 16:59:34', 'Pending');
INSERT INTO Bids (UserName, AuctionID, BidPrice, BidTime, Outcome) VALUES ('aloofClam7', 58, 7093.70, '2020-10-26 00:28:46', 'Pending');
INSERT INTO Bids (UserName, AuctionID, BidPrice, BidTime, Outcome) VALUES ('superiorEagle9', 24, 5837.01, '2020-11-05 00:02:13', 'Pending');
INSERT INTO Bids (UserName, AuctionID, BidPrice, BidTime, Outcome) VALUES ('pitifulEggs4', 15, 580.81, '2020-10-28 18:01:10', 'Pending');
INSERT INTO Bids (UserName, AuctionID, BidPrice, BidTime, Outcome) VALUES ('mereQuiche4', 29, 1642.11, '2020-12-10 21:56:11', 'Pending');
INSERT INTO Bids (UserName, AuctionID, BidPrice, BidTime, Outcome) VALUES ('mereQuiche4', 16, 1536.00, '2020-10-22 12:56:47', 'Pending');
INSERT INTO Bids (UserName, AuctionID, BidPrice, BidTime, Outcome) VALUES ('worriedBaboon0', 49, 7532.00, '2020-10-27 21:20:56', 'Pending');
INSERT INTO Bids (UserName, AuctionID, BidPrice, BidTime, Outcome) VALUES ('blissfulMussel5', 43, 6530.42, '2020-10-21 22:33:09', 'Pending');
INSERT INTO Bids (UserName, AuctionID, BidPrice, BidTime, Outcome) VALUES ('sadGnu7', 6, 4300.31, '2020-10-22 04:23:09', 'Pending');
INSERT INTO Bids (UserName, AuctionID, BidPrice, BidTime, Outcome) VALUES ('goofyJerky2', 28, 1481.39, '2020-11-19 22:49:12', 'Pending');
INSERT INTO Bids (UserName, AuctionID, BidPrice, BidTime, Outcome) VALUES ('sheepishMallard0', 57, 3686.20, '2020-11-05 23:43:36', 'Pending');
INSERT INTO Bids (UserName, AuctionID, BidPrice, BidTime, Outcome) VALUES ('brainyToucan2', 34, 8290.82, '2020-11-16 00:51:04', 'Pending');
INSERT INTO Bids (UserName, AuctionID, BidPrice, BidTime, Outcome) VALUES ('shyOryx1', 37, 5523.34, '2020-11-10 07:14:47', 'Pending');
INSERT INTO Bids (UserName, AuctionID, BidPrice, BidTime, Outcome) VALUES ('cheerfulDunbird2', 19, 3207.82, '2020-10-25 04:41:20', 'Pending');
INSERT INTO Bids (UserName, AuctionID, BidPrice, BidTime, Outcome) VALUES ('wakefulOil2', 7, 8943.81, '2020-11-01 14:23:17', 'Pending');
INSERT INTO Bids (UserName, AuctionID, BidPrice, BidTime, Outcome) VALUES ('mereMoth7', 9, 7380.09, '2020-10-30 13:35:31', 'Pending');
INSERT INTO Bids (UserName, AuctionID, BidPrice, BidTime, Outcome) VALUES ('brainyToucan2', 19, 8310.11, '2020-10-31 06:29:00', 'Pending');
INSERT INTO Bids (UserName, AuctionID, BidPrice, BidTime, Outcome) VALUES ('brainyFalcon4', 27, 8676.85, '2020-11-04 09:50:24', 'Pending');
INSERT INTO Bids (UserName, AuctionID, BidPrice, BidTime, Outcome) VALUES ('soreCheetah1', 28, 8678.43, '2020-10-23 22:01:30', 'Pending');
INSERT INTO Bids (UserName, AuctionID, BidPrice, BidTime, Outcome) VALUES ('worriedBaboon0', 19, 6983.91, '2020-11-02 13:35:53', 'Pending');
INSERT INTO Bids (UserName, AuctionID, BidPrice, BidTime, Outcome) VALUES ('zestySardines3', 16, 7366.99, '2020-11-01 02:28:30', 'Pending');
INSERT INTO Bids (UserName, AuctionID, BidPrice, BidTime, Outcome) VALUES ('mereQuiche4', 59, 4945.23, '2020-10-27 03:37:11', 'Pending');
INSERT INTO Bids (UserName, AuctionID, BidPrice, BidTime, Outcome) VALUES ('worriedBaboon0', 34, 945.69, '2020-11-23 18:34:54', 'Pending');
INSERT INTO Bids (UserName, AuctionID, BidPrice, BidTime, Outcome) VALUES ('mereQuiche4', 13, 6811.05, '2020-11-24 00:43:23', 'Pending');
INSERT INTO Bids (UserName, AuctionID, BidPrice, BidTime, Outcome) VALUES ('obsessedLard2', 45, 2966.89, '2020-11-10 21:41:32', 'Pending');
INSERT INTO Bids (UserName, AuctionID, BidPrice, BidTime, Outcome) VALUES ('insecureTermite5', 67, 4407.13, '2020-10-22 10:42:13', 'Pending');
INSERT INTO Bids (UserName, AuctionID, BidPrice, BidTime, Outcome) VALUES ('pitifulEggs4', 42, 6298.69, '2020-10-24 00:00:49', 'Pending');
INSERT INTO Bids (UserName, AuctionID, BidPrice, BidTime, Outcome) VALUES ('bubblyPonie4', 19, 8799.98, '2020-10-23 14:09:48', 'Pending');
INSERT INTO Bids (UserName, AuctionID, BidPrice, BidTime, Outcome) VALUES ('contentCoconut3', 53, 7442.78, '2020-10-29 01:12:29', 'Pending');
INSERT INTO Bids (UserName, AuctionID, BidPrice, BidTime, Outcome) VALUES ('emptySheep4', 55, 3096.49, '2020-11-08 11:01:47', 'Pending');
INSERT INTO Bids (UserName, AuctionID, BidPrice, BidTime, Outcome) VALUES ('mildDingo3', 63, 4309.75, '2020-11-11 13:15:44', 'Pending');
INSERT INTO Bids (UserName, AuctionID, BidPrice, BidTime, Outcome) VALUES ('brainyToucan2', 42, 3955.76, '2020-10-22 13:13:56', 'Pending');
INSERT INTO Bids (UserName, AuctionID, BidPrice, BidTime, Outcome) VALUES ('mildDingo3', 34, 6594.35, '2020-10-28 10:18:56', 'Pending');
INSERT INTO Bids (UserName, AuctionID, BidPrice, BidTime, Outcome) VALUES ('goofyJerky2', 30, 7982.91, '2020-10-23 01:37:27', 'Pending');
INSERT INTO Bids (UserName, AuctionID, BidPrice, BidTime, Outcome) VALUES ('zestySardines3', 67, 9026.33, '2020-11-27 12:13:46', 'Pending');
INSERT INTO Bids (UserName, AuctionID, BidPrice, BidTime, Outcome) VALUES ('mildDingo3', 15, 7445.67, '2020-10-22 13:58:50', 'Pending');
INSERT INTO Bids (UserName, AuctionID, BidPrice, BidTime, Outcome) VALUES ('emptySheep4', 40, 6684.32, '2020-11-21 03:49:43', 'Pending');
INSERT INTO Bids (UserName, AuctionID, BidPrice, BidTime, Outcome) VALUES ('insecureTermite5', 37, 7077.86, '2020-11-02 15:28:01', 'Pending');
INSERT INTO Bids (UserName, AuctionID, BidPrice, BidTime, Outcome) VALUES ('contentCoconut3', 6, 8018.03, '2020-10-27 08:50:05', 'Pending');
INSERT INTO Bids (UserName, AuctionID, BidPrice, BidTime, Outcome) VALUES ('sheepishMallard0', 24, 8427.69, '2020-10-30 14:49:09', 'Pending');
INSERT INTO Bids (UserName, AuctionID, BidPrice, BidTime, Outcome) VALUES ('superiorEagle9', 62, 6670.21, '2020-12-18 02:04:14', 'Pending');
INSERT INTO Bids (UserName, AuctionID, BidPrice, BidTime, Outcome) VALUES ('aloofClam7', 61, 4749.44, '2020-10-23 07:52:36', 'Pending');
INSERT INTO Bids (UserName, AuctionID, BidPrice, BidTime, Outcome) VALUES ('crummyCaviar3', 38, 4893.93, '2020-10-24 18:52:11', 'Pending');
INSERT INTO Bids (UserName, AuctionID, BidPrice, BidTime, Outcome) VALUES ('sadGnu7', 58, 1688.29, '2020-10-28 04:49:20', 'Pending');
INSERT INTO Bids (UserName, AuctionID, BidPrice, BidTime, Outcome) VALUES ('sadGnu7', 55, 4710.36, '2020-11-05 08:12:45', 'Pending');
INSERT INTO Bids (UserName, AuctionID, BidPrice, BidTime, Outcome) VALUES ('shyOryx1', 65, 727.16, '2020-11-04 19:56:25', 'Pending');
INSERT INTO Bids (UserName, AuctionID, BidPrice, BidTime, Outcome) VALUES ('mereMoth7', 45, 2824.48, '2020-11-11 16:15:26', 'Pending');
INSERT INTO Bids (UserName, AuctionID, BidPrice, BidTime, Outcome) VALUES ('obsessedCurlew5', 51, 6638.95, '2020-10-20 16:14:50', 'Pending');
INSERT INTO Bids (UserName, AuctionID, BidPrice, BidTime, Outcome) VALUES ('debonairPie0', 65, 1700.90, '2020-11-14 06:07:31', 'Pending');
INSERT INTO Bids (UserName, AuctionID, BidPrice, BidTime, Outcome) VALUES ('blissfulMussel5', 36, 7768.61, '2020-11-05 17:42:00', 'Pending');
INSERT INTO Bids (UserName, AuctionID, BidPrice, BidTime, Outcome) VALUES ('blissfulMussel5', 7, 9867.82, '2020-10-31 16:15:00', 'Pending');
INSERT INTO Bids (UserName, AuctionID, BidPrice, BidTime, Outcome) VALUES ('humorousHawk1', 33, 7556.94, '2020-11-03 04:34:27', 'Pending');
INSERT INTO Bids (UserName, AuctionID, BidPrice, BidTime, Outcome) VALUES ('sadGnu7', 64, 7597.09, '2020-12-03 23:09:03', 'Pending');
INSERT INTO Bids (UserName, AuctionID, BidPrice, BidTime, Outcome) VALUES ('bubblyPonie4', 52, 3814.45, '2020-11-20 06:16:08', 'Pending');
INSERT INTO Bids (UserName, AuctionID, BidPrice, BidTime, Outcome) VALUES ('contentCoconut3', 38, 1477.19, '2020-11-01 13:06:07', 'Pending');
INSERT INTO Bids (UserName, AuctionID, BidPrice, BidTime, Outcome) VALUES ('emptySheep4', 38, 3708.68, '2020-11-01 00:42:19', 'Pending');
INSERT INTO Bids (UserName, AuctionID, BidPrice, BidTime, Outcome) VALUES ('debonairPie0', 44, 7389.82, '2020-10-27 21:43:25', 'Pending');
INSERT INTO Bids (UserName, AuctionID, BidPrice, BidTime, Outcome) VALUES ('pitifulEggs4', 40, 6490.32, '2020-11-24 01:10:37', 'Pending');
INSERT INTO Bids (UserName, AuctionID, BidPrice, BidTime, Outcome) VALUES ('obsessedCurlew5', 18, 8193.91, '2020-11-20 20:52:41', 'Pending');
INSERT INTO Bids (UserName, AuctionID, BidPrice, BidTime, Outcome) VALUES ('goofyCow0', 26, 5101.65, '2020-12-04 03:29:39', 'Pending');
INSERT INTO Bids (UserName, AuctionID, BidPrice, BidTime, Outcome) VALUES ('blissfulMussel5', 48, 4379.22, '2020-10-22 15:34:50', 'Pending');
INSERT INTO Bids (UserName, AuctionID, BidPrice, BidTime, Outcome) VALUES ('mildDingo3', 25, 5095.45, '2020-11-21 10:33:14', 'Pending');
INSERT INTO Bids (UserName, AuctionID, BidPrice, BidTime, Outcome) VALUES ('goofyCow0', 53, 5098.09, '2020-10-27 18:45:16', 'Pending');
INSERT INTO Bids (UserName, AuctionID, BidPrice, BidTime, Outcome) VALUES ('mereMoth7', 20, 3718.89, '2020-11-15 08:29:12', 'Pending');
INSERT INTO Bids (UserName, AuctionID, BidPrice, BidTime, Outcome) VALUES ('emptySheep4', 28, 7843.27, '2020-10-24 20:58:06', 'Pending');
INSERT INTO Bids (UserName, AuctionID, BidPrice, BidTime, Outcome) VALUES ('blissfulMussel5', 52, 9209.16, '2020-10-25 08:40:12', 'Pending');
INSERT INTO Bids (UserName, AuctionID, BidPrice, BidTime, Outcome) VALUES ('contentCoconut3', 24, 809.24, '2020-10-26 07:13:34', 'Pending');
INSERT INTO Bids (UserName, AuctionID, BidPrice, BidTime, Outcome) VALUES ('mildDingo3', 17, 875.23, '2020-11-24 17:30:21', 'Pending');
INSERT INTO Bids (UserName, AuctionID, BidPrice, BidTime, Outcome) VALUES ('debonairPie0', 6, 3242.08, '2020-11-15 15:36:42', 'Pending');
INSERT INTO Bids (UserName, AuctionID, BidPrice, BidTime, Outcome) VALUES ('madThrush1', 47, 4273.66, '2020-11-23 00:55:35', 'Pending');
INSERT INTO Bids (UserName, AuctionID, BidPrice, BidTime, Outcome) VALUES ('madThrush1', 30, 5293.73, '2020-10-20 09:38:56', 'Pending');
INSERT INTO Bids (UserName, AuctionID, BidPrice, BidTime, Outcome) VALUES ('mereMoth7', 30, 5381.45, '2020-10-24 07:45:31', 'Pending');
INSERT INTO Bids (UserName, AuctionID, BidPrice, BidTime, Outcome) VALUES ('crummyCaviar3', 34, 8905.92, '2020-11-27 16:06:24', 'Pending');
INSERT INTO Bids (UserName, AuctionID, BidPrice, BidTime, Outcome) VALUES ('cheerfulDunbird2', 51, 5858.48, '2020-10-22 04:00:52', 'Pending');
INSERT INTO Bids (UserName, AuctionID, BidPrice, BidTime, Outcome) VALUES ('bubblyPonie4', 16, 2654.70, '2020-11-22 18:06:41', 'Pending');
INSERT INTO Bids (UserName, AuctionID, BidPrice, BidTime, Outcome) VALUES ('emptySheep4', 42, 5307.21, '2020-10-23 19:51:22', 'Pending');
INSERT INTO Bids (UserName, AuctionID, BidPrice, BidTime, Outcome) VALUES ('soreCheetah1', 36, 7129.99, '2020-11-01 05:26:49', 'Pending');
INSERT INTO Bids (UserName, AuctionID, BidPrice, BidTime, Outcome) VALUES ('bubblyPonie4', 3, 7029.15, '2020-11-11 17:26:44', 'Pending');
INSERT INTO Bids (UserName, AuctionID, BidPrice, BidTime, Outcome) VALUES ('sheepishMallard0', 63, 8744.81, '2020-11-14 09:42:45', 'Pending');
INSERT INTO Bids (UserName, AuctionID, BidPrice, BidTime, Outcome) VALUES ('lovesickShads8', 21, 8401.84, '2020-10-30 04:05:26', 'Pending');
INSERT INTO Bids (UserName, AuctionID, BidPrice, BidTime, Outcome) VALUES ('pitifulEggs4', 63, 2361.10, '2020-12-07 01:06:07', 'Pending');
INSERT INTO Bids (UserName, AuctionID, BidPrice, BidTime, Outcome) VALUES ('blissfulMussel5', 40, 7937.99, '2020-12-04 21:55:43', 'Pending');
INSERT INTO Bids (UserName, AuctionID, BidPrice, BidTime, Outcome) VALUES ('superiorEagle9', 2, 2402.71, '2020-12-08 11:40:56', 'Pending');
INSERT INTO Bids (UserName, AuctionID, BidPrice, BidTime, Outcome) VALUES ('sheepishMallard0', 47, 7861.33, '2020-11-04 22:15:55', 'Pending');
INSERT INTO Bids (UserName, AuctionID, BidPrice, BidTime, Outcome) VALUES ('brainyToucan2', 51, 8485.73, '2020-10-26 21:17:00', 'Pending');
INSERT INTO Bids (UserName, AuctionID, BidPrice, BidTime, Outcome) VALUES ('worriedBaboon0', 57, 8580.67, '2020-11-10 05:46:44', 'Pending');
INSERT INTO Bids (UserName, AuctionID, BidPrice, BidTime, Outcome) VALUES ('zestySardines3', 30, 1317.42, '2020-10-20 16:14:38', 'Pending');
INSERT INTO Bids (UserName, AuctionID, BidPrice, BidTime, Outcome) VALUES ('mereQuiche4', 67, 4290.84, '2020-12-12 05:21:26', 'Pending');
INSERT INTO Bids (UserName, AuctionID, BidPrice, BidTime, Outcome) VALUES ('mereQuiche4', 67, 5497.79, '2020-12-16 12:10:10', 'Pending');
INSERT INTO Bids (UserName, AuctionID, BidPrice, BidTime, Outcome) VALUES ('contentCoconut3', 65, 4298.16, '2020-11-15 13:19:26', 'Pending');
INSERT INTO Bids (UserName, AuctionID, BidPrice, BidTime, Outcome) VALUES ('soreCheetah1', 1, 808.55, '2020-10-23 11:23:20', 'Pending');
INSERT INTO Bids (UserName, AuctionID, BidPrice, BidTime, Outcome) VALUES ('mereMoth7', 1, 735.11, '2020-10-20 19:13:44', 'Pending');
INSERT INTO Bids (UserName, AuctionID, BidPrice, BidTime, Outcome) VALUES ('aloofClam7', 12, 6673.61, '2020-10-27 17:06:30', 'Pending');
INSERT INTO Bids (UserName, AuctionID, BidPrice, BidTime, Outcome) VALUES ('goofyCow0', 7, 4584.97, '2020-11-03 22:47:30', 'Pending');
INSERT INTO Bids (UserName, AuctionID, BidPrice, BidTime, Outcome) VALUES ('mildDingo3', 64, 8610.65, '2020-11-25 16:57:21', 'Pending');
INSERT INTO Bids (UserName, AuctionID, BidPrice, BidTime, Outcome) VALUES ('mereMoth7', 24, 4442.75, '2020-11-17 22:32:45', 'Pending');
INSERT INTO Bids (UserName, AuctionID, BidPrice, BidTime, Outcome) VALUES ('humorousHawk1', 1, 4068.88, '2020-10-22 15:51:43', 'Pending');
INSERT INTO Bids (UserName, AuctionID, BidPrice, BidTime, Outcome) VALUES ('madThrush1', 8, 7919.32, '2020-11-15 17:02:22', 'Pending');
INSERT INTO Bids (UserName, AuctionID, BidPrice, BidTime, Outcome) VALUES ('bubblyPonie4', 57, 5538.26, '2020-10-29 17:30:01', 'Pending');
INSERT INTO Bids (UserName, AuctionID, BidPrice, BidTime, Outcome) VALUES ('goofyCow0', 68, 9163.75, '2020-11-16 01:40:42', 'Pending');
INSERT INTO Bids (UserName, AuctionID, BidPrice, BidTime, Outcome) VALUES ('affectedCardinal5', 16, 2447.65, '2020-11-19 12:45:57', 'Pending');
INSERT INTO Bids (UserName, AuctionID, BidPrice, BidTime, Outcome) VALUES ('affectedCardinal5', 47, 3536.85, '2020-11-07 18:40:02', 'Pending');
INSERT INTO Bids (UserName, AuctionID, BidPrice, BidTime, Outcome) VALUES ('fondBoa8', 49, 2109.77, '2020-10-27 21:21:46', 'Pending');
INSERT INTO Bids (UserName, AuctionID, BidPrice, BidTime, Outcome) VALUES ('mereQuiche4', 44, 9563.14, '2020-11-02 19:54:01', 'Pending');
INSERT INTO Bids (UserName, AuctionID, BidPrice, BidTime, Outcome) VALUES ('sheepishMallard0', 41, 3175.62, '2020-10-24 06:23:33', 'Pending');
INSERT INTO Bids (UserName, AuctionID, BidPrice, BidTime, Outcome) VALUES ('soreCheetah1', 27, 3478.99, '2020-11-04 21:14:50', 'Pending');
INSERT INTO Bids (UserName, AuctionID, BidPrice, BidTime, Outcome) VALUES ('holisticOatmeal2', 11, 6418.27, '2020-11-04 01:57:57', 'Pending');
INSERT INTO Bids (UserName, AuctionID, BidPrice, BidTime, Outcome) VALUES ('wakefulOil2', 48, 1259.83, '2020-10-30 18:12:28', 'Pending');
INSERT INTO Bids (UserName, AuctionID, BidPrice, BidTime, Outcome) VALUES ('bubblyPonie4', 44, 5831.18, '2020-10-22 06:50:12', 'Pending');
INSERT INTO Bids (UserName, AuctionID, BidPrice, BidTime, Outcome) VALUES ('sadGnu7', 37, 1150.05, '2020-11-04 10:51:02', 'Pending');
INSERT INTO Bids (UserName, AuctionID, BidPrice, BidTime, Outcome) VALUES ('soreCheetah1', 54, 3770.79, '2020-11-30 04:59:13', 'Pending');
INSERT INTO Bids (UserName, AuctionID, BidPrice, BidTime, Outcome) VALUES ('goofyCow0', 12, 3223.27, '2020-10-20 22:42:17', 'Pending');
INSERT INTO Bids (UserName, AuctionID, BidPrice, BidTime, Outcome) VALUES ('contentCoconut3', 13, 1160.98, '2020-11-25 19:39:50', 'Pending');
INSERT INTO Bids (UserName, AuctionID, BidPrice, BidTime, Outcome) VALUES ('worriedBaboon0', 9, 7687.06, '2020-10-22 11:48:15', 'Pending');
INSERT INTO Bids (UserName, AuctionID, BidPrice, BidTime, Outcome) VALUES ('contentCoconut3', 68, 1172.79, '2020-11-20 09:04:18', 'Pending');
INSERT INTO Bids (UserName, AuctionID, BidPrice, BidTime, Outcome) VALUES ('pitifulEggs4', 61, 2947.05, '2020-11-05 23:43:09', 'Pending');
INSERT INTO Bids (UserName, AuctionID, BidPrice, BidTime, Outcome) VALUES ('mereQuiche4', 61, 4125.61, '2020-11-01 16:47:17', 'Pending');
INSERT INTO Bids (UserName, AuctionID, BidPrice, BidTime, Outcome) VALUES ('contentCoconut3', 68, 1232.65, '2020-10-26 10:08:45', 'Pending');
INSERT INTO Bids (UserName, AuctionID, BidPrice, BidTime, Outcome) VALUES ('goofyCow0', 18, 8149.15, '2020-11-12 14:21:04', 'Pending');
INSERT INTO Bids (UserName, AuctionID, BidPrice, BidTime, Outcome) VALUES ('brainyToucan2', 61, 7578.39, '2020-10-31 09:01:09', 'Pending');
INSERT INTO Bids (UserName, AuctionID, BidPrice, BidTime, Outcome) VALUES ('worriedBaboon0', 3, 5188.13, '2020-11-07 02:29:24', 'Pending');
INSERT INTO Bids (UserName, AuctionID, BidPrice, BidTime, Outcome) VALUES ('aloofClam7', 18, 4779.54, '2020-11-09 00:28:46', 'Pending');
INSERT INTO Bids (UserName, AuctionID, BidPrice, BidTime, Outcome) VALUES ('brainyFalcon4', 11, 8227.86, '2020-11-23 02:01:17', 'Pending');
INSERT INTO Bids (UserName, AuctionID, BidPrice, BidTime, Outcome) VALUES ('brainyToucan2', 38, 2448.64, '2020-10-21 18:25:31', 'Pending');
INSERT INTO Bids (UserName, AuctionID, BidPrice, BidTime, Outcome) VALUES ('insecureTermite5', 41, 3412.19, '2020-10-22 07:30:30', 'Pending');
INSERT INTO Bids (UserName, AuctionID, BidPrice, BidTime, Outcome) VALUES ('bubblyPonie4', 37, 6585.93, '2020-10-20 00:48:39', 'Pending');
INSERT INTO Bids (UserName, AuctionID, BidPrice, BidTime, Outcome) VALUES ('bubblyPonie4', 53, 6501.78, '2020-10-28 23:39:02', 'Pending');
INSERT INTO Bids (UserName, AuctionID, BidPrice, BidTime, Outcome) VALUES ('emptySheep4', 43, 943.87, '2020-11-10 13:58:19', 'Pending');
INSERT INTO Bids (UserName, AuctionID, BidPrice, BidTime, Outcome) VALUES ('zestySardines3', 70, 8606.08, '2020-10-23 14:48:13', 'Pending');
INSERT INTO Bids (UserName, AuctionID, BidPrice, BidTime, Outcome) VALUES ('brainyToucan2', 26, 1850.65, '2020-11-16 17:34:57', 'Pending');
INSERT INTO Bids (UserName, AuctionID, BidPrice, BidTime, Outcome) VALUES ('obsessedCurlew5', 2, 2035.77, '2020-10-20 23:02:40', 'Pending');
INSERT INTO Bids (UserName, AuctionID, BidPrice, BidTime, Outcome) VALUES ('mereQuiche4', 46, 2517.73, '2020-11-16 12:21:07', 'Pending');
INSERT INTO Bids (UserName, AuctionID, BidPrice, BidTime, Outcome) VALUES ('crummyCaviar3', 9, 1192.35, '2020-11-11 21:46:11', 'Pending');
INSERT INTO Bids (UserName, AuctionID, BidPrice, BidTime, Outcome) VALUES ('obsessedLard2', 3, 4211.91, '2020-10-31 18:13:12', 'Pending');
INSERT INTO Bids (UserName, AuctionID, BidPrice, BidTime, Outcome) VALUES ('wakefulOil2', 4, 1867.35, '2020-10-22 19:02:23', 'Pending');
INSERT INTO Bids (UserName, AuctionID, BidPrice, BidTime, Outcome) VALUES ('goofyCow0', 39, 4490.77, '2020-11-15 17:41:01', 'Pending');
INSERT INTO Bids (UserName, AuctionID, BidPrice, BidTime, Outcome) VALUES ('obsessedLard2', 31, 7906.18, '2020-10-25 17:38:13', 'Pending');
INSERT INTO Bids (UserName, AuctionID, BidPrice, BidTime, Outcome) VALUES ('obsessedCurlew5', 27, 4144.97, '2020-12-12 16:58:05', 'Pending');
INSERT INTO Bids (UserName, AuctionID, BidPrice, BidTime, Outcome) VALUES ('shyOryx1', 30, 8343.40, '2020-10-22 08:05:04', 'Pending');
INSERT INTO Bids (UserName, AuctionID, BidPrice, BidTime, Outcome) VALUES ('madThrush1', 60, 1857.68, '2020-10-24 11:37:42', 'Pending');
INSERT INTO Bids (UserName, AuctionID, BidPrice, BidTime, Outcome) VALUES ('sheepishMallard0', 4, 8007.16, '2020-11-25 11:20:38', 'Pending');
INSERT INTO Bids (UserName, AuctionID, BidPrice, BidTime, Outcome) VALUES ('humorousHawk1', 11, 6494.33, '2020-11-30 01:02:07', 'Pending');
INSERT INTO Bids (UserName, AuctionID, BidPrice, BidTime, Outcome) VALUES ('crummyCaviar3', 11, 7045.85, '2020-10-31 06:38:04', 'Pending');
INSERT INTO Bids (UserName, AuctionID, BidPrice, BidTime, Outcome) VALUES ('crummyCaviar3', 22, 4014.01, '2020-12-10 00:22:15', 'Pending');
INSERT INTO Bids (UserName, AuctionID, BidPrice, BidTime, Outcome) VALUES ('affectedCardinal5', 13, 3219.43, '2020-11-11 19:29:24', 'Pending');
INSERT INTO Bids (UserName, AuctionID, BidPrice, BidTime, Outcome) VALUES ('obsessedLard2', 38, 1960.85, '2020-10-27 09:55:13', 'Pending');
INSERT INTO Bids (UserName, AuctionID, BidPrice, BidTime, Outcome) VALUES ('superiorEagle9', 27, 9179.27, '2020-11-11 05:23:42', 'Pending');
INSERT INTO Bids (UserName, AuctionID, BidPrice, BidTime, Outcome) VALUES ('bubblyPonie4', 15, 4612.56, '2020-10-31 22:53:49', 'Pending');
INSERT INTO Bids (UserName, AuctionID, BidPrice, BidTime, Outcome) VALUES ('sadGnu7', 69, 8584.35, '2020-10-29 03:36:53', 'Pending');
INSERT INTO Bids (UserName, AuctionID, BidPrice, BidTime, Outcome) VALUES ('affectedCardinal5', 33, 9353.65, '2020-10-23 16:44:04', 'Pending');
INSERT INTO Bids (UserName, AuctionID, BidPrice, BidTime, Outcome) VALUES ('mereMoth7', 16, 819.11, '2020-11-13 06:15:56', 'Pending');
INSERT INTO Bids (UserName, AuctionID, BidPrice, BidTime, Outcome) VALUES ('humorousHawk1', 61, 2710.79, '2020-11-27 03:25:55', 'Pending');
INSERT INTO Bids (UserName, AuctionID, BidPrice, BidTime, Outcome) VALUES ('soreCheetah1', 20, 2673.11, '2020-10-22 03:47:50', 'Pending');
INSERT INTO Bids (UserName, AuctionID, BidPrice, BidTime, Outcome) VALUES ('lovesickShads8', 70, 9278.46, '2020-10-21 12:05:05', 'Pending');
INSERT INTO Bids (UserName, AuctionID, BidPrice, BidTime, Outcome) VALUES ('emptySheep4', 60, 8785.64, '2020-11-14 02:29:18', 'Pending');
INSERT INTO Bids (UserName, AuctionID, BidPrice, BidTime, Outcome) VALUES ('madThrush1', 65, 1515.11, '2020-11-06 01:05:22', 'Pending');
INSERT INTO Bids (UserName, AuctionID, BidPrice, BidTime, Outcome) VALUES ('holisticOatmeal2', 39, 8752.42, '2020-11-22 02:37:01', 'Pending');
INSERT INTO Bids (UserName, AuctionID, BidPrice, BidTime, Outcome) VALUES ('brainyToucan2', 20, 3845.97, '2020-10-26 18:25:56', 'Pending');
INSERT INTO Bids (UserName, AuctionID, BidPrice, BidTime, Outcome) VALUES ('bubblyPonie4', 58, 1522.44, '2020-11-21 09:57:29', 'Pending');
INSERT INTO Bids (UserName, AuctionID, BidPrice, BidTime, Outcome) VALUES ('affectedCardinal5', 40, 9607.47, '2020-10-21 05:59:35', 'Pending');
INSERT INTO Bids (UserName, AuctionID, BidPrice, BidTime, Outcome) VALUES ('affectedCardinal5', 49, 1213.66, '2020-10-31 08:41:19', 'Pending');
INSERT INTO Bids (UserName, AuctionID, BidPrice, BidTime, Outcome) VALUES ('cheerfulDunbird2', 38, 9989.73, '2020-11-03 15:17:16', 'Pending');
INSERT INTO Bids (UserName, AuctionID, BidPrice, BidTime, Outcome) VALUES ('sadGnu7', 47, 7292.73, '2020-11-29 06:21:18', 'Pending');
INSERT INTO Bids (UserName, AuctionID, BidPrice, BidTime, Outcome) VALUES ('emptySheep4', 3, 7891.55, '2020-11-18 14:54:42', 'Pending');
INSERT INTO Bids (UserName, AuctionID, BidPrice, BidTime, Outcome) VALUES ('pitifulEggs4', 69, 7671.12, '2020-11-02 08:54:43', 'Pending');
INSERT INTO Bids (UserName, AuctionID, BidPrice, BidTime, Outcome) VALUES ('mildDingo3', 8, 1980.62, '2020-10-26 08:08:36', 'Pending');
INSERT INTO Bids (UserName, AuctionID, BidPrice, BidTime, Outcome) VALUES ('insecureTermite5', 18, 3359.75, '2020-11-14 17:38:38', 'Pending');
INSERT INTO Bids (UserName, AuctionID, BidPrice, BidTime, Outcome) VALUES ('goofyJerky2', 45, 3917.41, '2020-11-03 18:25:51', 'Pending');
INSERT INTO Bids (UserName, AuctionID, BidPrice, BidTime, Outcome) VALUES ('crummyCaviar3', 68, 1523.66, '2020-11-03 11:14:40', 'Pending');
INSERT INTO Bids (UserName, AuctionID, BidPrice, BidTime, Outcome) VALUES ('obsessedCurlew5', 45, 3621.08, '2020-10-28 03:34:26', 'Pending');
INSERT INTO Bids (UserName, AuctionID, BidPrice, BidTime, Outcome) VALUES ('aloofClam7', 68, 2243.60, '2020-11-03 07:08:24', 'Pending');
INSERT INTO Bids (UserName, AuctionID, BidPrice, BidTime, Outcome) VALUES ('wakefulOil2', 4, 5236.91, '2020-11-21 13:32:26', 'Pending');
INSERT INTO Bids (UserName, AuctionID, BidPrice, BidTime, Outcome) VALUES ('sadGnu7', 44, 8950.75, '2020-11-10 17:12:30', 'Pending');
INSERT INTO Bids (UserName, AuctionID, BidPrice, BidTime, Outcome) VALUES ('shyOryx1', 33, 7083.51, '2020-10-25 14:29:15', 'Pending');
INSERT INTO Bids (UserName, AuctionID, BidPrice, BidTime, Outcome) VALUES ('goofyJerky2', 50, 7535.49, '2020-10-21 11:50:03', 'Pending');
INSERT INTO Bids (UserName, AuctionID, BidPrice, BidTime, Outcome) VALUES ('fondBoa8', 1, 6714.38, '2020-10-20 07:15:48', 'Pending');
INSERT INTO Bids (UserName, AuctionID, BidPrice, BidTime, Outcome) VALUES ('sadGnu7', 22, 1284.97, '2020-11-03 08:29:22', 'Pending');
INSERT INTO Bids (UserName, AuctionID, BidPrice, BidTime, Outcome) VALUES ('brainyFalcon4', 6, 5649.44, '2020-11-29 09:45:00', 'Pending');
INSERT INTO Bids (UserName, AuctionID, BidPrice, BidTime, Outcome) VALUES ('fondBoa8', 20, 1572.44, '2020-10-29 23:46:02', 'Pending');
INSERT INTO Bids (UserName, AuctionID, BidPrice, BidTime, Outcome) VALUES ('blissfulMussel5', 43, 7494.46, '2020-12-07 09:38:46', 'Pending');
INSERT INTO Bids (UserName, AuctionID, BidPrice, BidTime, Outcome) VALUES ('holisticOatmeal2', 45, 2506.76, '2020-10-29 22:36:14', 'Pending');
INSERT INTO Bids (UserName, AuctionID, BidPrice, BidTime, Outcome) VALUES ('soreCheetah1', 61, 6039.47, '2020-12-14 15:15:28', 'Pending');
INSERT INTO Bids (UserName, AuctionID, BidPrice, BidTime, Outcome) VALUES ('crummyCaviar3', 3, 7842.43, '2020-11-15 10:26:43', 'Pending');
INSERT INTO Bids (UserName, AuctionID, BidPrice, BidTime, Outcome) VALUES ('soreCheetah1', 14, 4321.06, '2020-10-26 08:10:26', 'Pending');
INSERT INTO Bids (UserName, AuctionID, BidPrice, BidTime, Outcome) VALUES ('brainyToucan2', 61, 3319.36, '2020-12-10 09:09:28', 'Pending');
INSERT INTO Bids (UserName, AuctionID, BidPrice, BidTime, Outcome) VALUES ('holisticOatmeal2', 58, 1353.49, '2020-11-13 12:41:30', 'Pending');
INSERT INTO Bids (UserName, AuctionID, BidPrice, BidTime, Outcome) VALUES ('wakefulOil2', 69, 1800.03, '2020-11-03 10:18:42', 'Pending');
INSERT INTO Bids (UserName, AuctionID, BidPrice, BidTime, Outcome) VALUES ('obsessedCurlew5', 27, 1031.74, '2020-10-31 15:23:57', 'Pending');
INSERT INTO Bids (UserName, AuctionID, BidPrice, BidTime, Outcome) VALUES ('madThrush1', 54, 6037.09, '2020-10-27 21:34:35', 'Pending');
INSERT INTO Bids (UserName, AuctionID, BidPrice, BidTime, Outcome) VALUES ('mildDingo3', 68, 1859.90, '2020-11-11 18:23:01', 'Pending');
INSERT INTO Bids (UserName, AuctionID, BidPrice, BidTime, Outcome) VALUES ('worriedBaboon0', 35, 2399.66, '2020-11-04 01:59:24', 'Pending');
INSERT INTO Bids (UserName, AuctionID, BidPrice, BidTime, Outcome) VALUES ('cheerfulDunbird2', 5, 4010.93, '2020-10-29 18:07:20', 'Pending');
INSERT INTO Bids (UserName, AuctionID, BidPrice, BidTime, Outcome) VALUES ('blissfulMussel5', 4, 5827.19, '2020-11-21 08:24:13', 'Pending');
INSERT INTO Bids (UserName, AuctionID, BidPrice, BidTime, Outcome) VALUES ('brainyToucan2', 63, 712.83, '2020-11-05 19:08:30', 'Pending');
INSERT INTO Bids (UserName, AuctionID, BidPrice, BidTime, Outcome) VALUES ('zestySardines3', 37, 8769.84, '2020-11-10 03:40:00', 'Pending');
INSERT INTO Bids (UserName, AuctionID, BidPrice, BidTime, Outcome) VALUES ('lovesickShads8', 66, 4602.24, '2020-11-06 12:57:21', 'Pending');
INSERT INTO Bids (UserName, AuctionID, BidPrice, BidTime, Outcome) VALUES ('blissfulMussel5', 66, 3820.59, '2020-11-10 05:02:52', 'Pending');
INSERT INTO Bids (UserName, AuctionID, BidPrice, BidTime, Outcome) VALUES ('aloofClam7', 66, 2142.65, '2020-11-21 20:48:45', 'Pending');
INSERT INTO Bids (UserName, AuctionID, BidPrice, BidTime, Outcome) VALUES ('wakefulOil2', 4, 3649.13, '2020-11-24 03:23:21', 'Pending');
INSERT INTO Bids (UserName, AuctionID, BidPrice, BidTime, Outcome) VALUES ('shyOryx1', 68, 7907.14, '2020-11-16 17:16:04', 'Pending');
INSERT INTO Bids (UserName, AuctionID, BidPrice, BidTime, Outcome) VALUES ('brainyToucan2', 54, 5512.99, '2020-11-11 08:03:29', 'Pending');
INSERT INTO Bids (UserName, AuctionID, BidPrice, BidTime, Outcome) VALUES ('pitifulEggs4', 47, 9725.77, '2020-11-01 04:31:18', 'Pending');
INSERT INTO Bids (UserName, AuctionID, BidPrice, BidTime, Outcome) VALUES ('humorousHawk1', 32, 9727.92, '2020-11-06 06:20:39', 'Pending');
INSERT INTO Bids (UserName, AuctionID, BidPrice, BidTime, Outcome) VALUES ('mildDingo3', 66, 7522.83, '2020-11-17 09:59:20', 'Pending');
INSERT INTO Bids (UserName, AuctionID, BidPrice, BidTime, Outcome) VALUES ('soreCheetah1', 42, 4429.59, '2020-10-24 11:00:02', 'Pending');
INSERT INTO Bids (UserName, AuctionID, BidPrice, BidTime, Outcome) VALUES ('madThrush1', 32, 998.48, '2020-10-29 05:24:09', 'Pending');

DROP TABLE IF EXISTS WatchList;
CREATE TABLE WatchList (
    UserName VARCHAR(50),
    AuctionID INT,
    PRIMARY KEY (UserName, AuctionID),
    CONSTRAINT FK_UserName_WatchList FOREIGN KEY (Username) REFERENCES auction.Users(Username),
    CONSTRAINT FK_AuctionID_WatchList FOREIGN KEY (AuctionID) REFERENCES auction.Auctions(AuctionID)
) ENGINE=InnoDB;
INSERT INTO WatchList VALUES ('pitifulEggs4', 8);
INSERT INTO WatchList VALUES ('goofyCow0', 40);
INSERT INTO WatchList VALUES ('sheepishMallard0', 13);
INSERT INTO WatchList VALUES ('crummyCaviar3', 59);
INSERT INTO WatchList VALUES ('lovesickShads8', 19);
INSERT INTO WatchList VALUES ('debonairPie0', 34);
INSERT INTO WatchList VALUES ('aloofClam7', 30);
INSERT INTO WatchList VALUES ('mereMoth7', 33);
INSERT INTO WatchList VALUES ('insecureTermite5', 17);
INSERT INTO WatchList VALUES ('humorousHawk1', 31);
INSERT INTO WatchList VALUES ('contentCoconut3', 42);
INSERT INTO WatchList VALUES ('fondBoa8', 52);
INSERT INTO WatchList VALUES ('contentCoconut3', 44);
INSERT INTO WatchList VALUES ('affectedCardinal5', 39);
INSERT INTO WatchList VALUES ('mereMoth7', 39);
INSERT INTO WatchList VALUES ('madThrush1', 55);
INSERT INTO WatchList VALUES ('sadGnu7', 17);
INSERT INTO WatchList VALUES ('obsessedLard2', 55);
INSERT INTO WatchList VALUES ('obsessedLard2', 38);
INSERT INTO WatchList VALUES ('shyOryx1', 1);
INSERT INTO WatchList VALUES ('mereQuiche4', 53);
INSERT INTO WatchList VALUES ('cheerfulDunbird2', 35);
INSERT INTO WatchList VALUES ('obsessedLard2', 39);
INSERT INTO WatchList VALUES ('obsessedCurlew5', 4);
INSERT INTO WatchList VALUES ('brainyToucan2', 4);
INSERT INTO WatchList VALUES ('aloofClam7', 42);
INSERT INTO WatchList VALUES ('crummyCaviar3', 70);
INSERT INTO WatchList VALUES ('brainyFalcon4', 34);
INSERT INTO WatchList VALUES ('obsessedLard2', 2);
INSERT INTO WatchList VALUES ('madThrush1', 60);
INSERT INTO WatchList VALUES ('contentCoconut3', 2);
INSERT INTO WatchList VALUES ('humorousHawk1', 4);
INSERT INTO WatchList VALUES ('blissfulMussel5', 9);
INSERT INTO WatchList VALUES ('cheerfulDunbird2', 19);
INSERT INTO WatchList VALUES ('superiorEagle9', 50);
INSERT INTO WatchList VALUES ('sadGnu7', 51);
INSERT INTO WatchList VALUES ('brainyFalcon4', 49);
INSERT INTO WatchList VALUES ('aloofClam7', 26);
INSERT INTO WatchList VALUES ('brainyFalcon4', 47);
INSERT INTO WatchList VALUES ('blissfulMussel5', 26);
INSERT INTO WatchList VALUES ('humorousHawk1', 22);
INSERT INTO WatchList VALUES ('blissfulMussel5', 33);
INSERT INTO WatchList VALUES ('blissfulMussel5', 37);
INSERT INTO WatchList VALUES ('sheepishMallard0', 49);
INSERT INTO WatchList VALUES ('sheepishMallard0', 41);
INSERT INTO WatchList VALUES ('bubblyPonie4', 22);
INSERT INTO WatchList VALUES ('sadGnu7', 27);
INSERT INTO WatchList VALUES ('affectedCardinal5', 43);
INSERT INTO WatchList VALUES ('zestySardines3', 64);
INSERT INTO WatchList VALUES ('goofyJerky2', 7);
INSERT INTO WatchList VALUES ('brainyFalcon4', 28);
INSERT INTO WatchList VALUES ('goofyCow0', 4);
INSERT INTO WatchList VALUES ('mildDingo3', 29);
INSERT INTO WatchList VALUES ('mereQuiche4', 57);
INSERT INTO WatchList VALUES ('debonairPie0', 52);
INSERT INTO WatchList VALUES ('holisticOatmeal2', 27);
INSERT INTO WatchList VALUES ('emptySheep4', 64);
INSERT INTO WatchList VALUES ('mereMoth7', 3);
INSERT INTO WatchList VALUES ('debonairPie0', 36);
INSERT INTO WatchList VALUES ('crummyCaviar3', 4);
INSERT INTO WatchList VALUES ('fondBoa8', 21);
INSERT INTO WatchList VALUES ('contentCoconut3', 57);
INSERT INTO WatchList VALUES ('obsessedCurlew5', 52);
INSERT INTO WatchList VALUES ('blissfulMussel5', 4);
INSERT INTO WatchList VALUES ('insecureTermite5', 60);
INSERT INTO WatchList VALUES ('obsessedLard2', 43);
INSERT INTO WatchList VALUES ('zestySardines3', 70);
INSERT INTO WatchList VALUES ('wakefulOil2', 64);
INSERT INTO WatchList VALUES ('brainyToucan2', 23);
INSERT INTO WatchList VALUES ('debonairPie0', 41);
INSERT INTO WatchList VALUES ('pitifulEggs4', 49);
INSERT INTO WatchList VALUES ('shyOryx1', 38);
INSERT INTO WatchList VALUES ('debonairPie0', 3);
INSERT INTO WatchList VALUES ('shyOryx1', 33);
INSERT INTO WatchList VALUES ('contentCoconut3', 6);
INSERT INTO WatchList VALUES ('emptySheep4', 46);
INSERT INTO WatchList VALUES ('superiorEagle9', 7);
INSERT INTO WatchList VALUES ('worriedBaboon0', 35);
INSERT INTO WatchList VALUES ('insecureTermite5', 19);
INSERT INTO WatchList VALUES ('holisticOatmeal2', 35);
INSERT INTO WatchList VALUES ('sadGnu7', 38);
INSERT INTO WatchList VALUES ('humorousHawk1', 23);
INSERT INTO WatchList VALUES ('insecureTermite5', 14);
INSERT INTO WatchList VALUES ('brainyToucan2', 69);
INSERT INTO WatchList VALUES ('shyOryx1', 39);
INSERT INTO WatchList VALUES ('debonairPie0', 55);
INSERT INTO WatchList VALUES ('pitifulEggs4', 32);
INSERT INTO WatchList VALUES ('obsessedLard2', 7);
INSERT INTO WatchList VALUES ('brainyToucan2', 43);
INSERT INTO WatchList VALUES ('mildDingo3', 6);
INSERT INTO WatchList VALUES ('cheerfulDunbird2', 41);
INSERT INTO WatchList VALUES ('aloofClam7', 36);
INSERT INTO WatchList VALUES ('soreCheetah1', 29);
INSERT INTO WatchList VALUES ('goofyCow0', 10);
INSERT INTO WatchList VALUES ('debonairPie0', 28);
INSERT INTO WatchList VALUES ('superiorEagle9', 25);
INSERT INTO WatchList VALUES ('obsessedLard2', 60);
INSERT INTO WatchList VALUES ('shyOryx1', 7);
INSERT INTO WatchList VALUES ('crummyCaviar3', 5);
INSERT INTO WatchList VALUES ('cheerfulDunbird2', 8);
INSERT INTO WatchList VALUES ('goofyCow0', 53);
INSERT INTO WatchList VALUES ('sheepishMallard0', 50);
INSERT INTO WatchList VALUES ('goofyCow0', 25);
INSERT INTO WatchList VALUES ('wakefulOil2', 22);
INSERT INTO WatchList VALUES ('humorousHawk1', 10);
INSERT INTO WatchList VALUES ('bubblyPonie4', 35);
INSERT INTO WatchList VALUES ('humorousHawk1', 38);
INSERT INTO WatchList VALUES ('mildDingo3', 55);
INSERT INTO WatchList VALUES ('emptySheep4', 14);
INSERT INTO WatchList VALUES ('humorousHawk1', 70);
INSERT INTO WatchList VALUES ('superiorEagle9', 45);
INSERT INTO WatchList VALUES ('brainyFalcon4', 32);
INSERT INTO WatchList VALUES ('obsessedCurlew5', 12);
INSERT INTO WatchList VALUES ('sadGnu7', 39);
INSERT INTO WatchList VALUES ('crummyCaviar3', 56);
INSERT INTO WatchList VALUES ('brainyFalcon4', 2);
INSERT INTO WatchList VALUES ('cheerfulDunbird2', 29);
INSERT INTO WatchList VALUES ('obsessedCurlew5', 65);
INSERT INTO WatchList VALUES ('lovesickShads8', 28);
INSERT INTO WatchList VALUES ('holisticOatmeal2', 5);
INSERT INTO WatchList VALUES ('pitifulEggs4', 43);
INSERT INTO WatchList VALUES ('humorousHawk1', 28);
INSERT INTO WatchList VALUES ('bubblyPonie4', 23);
INSERT INTO WatchList VALUES ('crummyCaviar3', 46);
INSERT INTO WatchList VALUES ('contentCoconut3', 24);
INSERT INTO WatchList VALUES ('mildDingo3', 21);
INSERT INTO WatchList VALUES ('debonairPie0', 59);
INSERT INTO WatchList VALUES ('crummyCaviar3', 27);
INSERT INTO WatchList VALUES ('mereMoth7', 36);
INSERT INTO WatchList VALUES ('mildDingo3', 33);
INSERT INTO WatchList VALUES ('cheerfulDunbird2', 5);
INSERT INTO WatchList VALUES ('debonairPie0', 32);
INSERT INTO WatchList VALUES ('mereMoth7', 61);
INSERT INTO WatchList VALUES ('shyOryx1', 11);
INSERT INTO WatchList VALUES ('mildDingo3', 42);
INSERT INTO WatchList VALUES ('sheepishMallard0', 37);
INSERT INTO WatchList VALUES ('lovesickShads8', 48);
INSERT INTO WatchList VALUES ('worriedBaboon0', 47);
INSERT INTO WatchList VALUES ('emptySheep4', 17);
INSERT INTO WatchList VALUES ('worriedBaboon0', 30);
INSERT INTO WatchList VALUES ('obsessedCurlew5', 61);
INSERT INTO WatchList VALUES ('sheepishMallard0', 69);
INSERT INTO watchlist VALUES ('affectedCardinal5', 5);

/*
    Create User and grant permission for use in PHP
*/

DROP USER IF EXISTS 'AuctionUser'@'localhost';
CREATE USER 'AuctionUser'@'localhost' IDENTIFIED BY 'PasswordAuctionViewDBMS2020';
GRANT ALL PRIVILEGES ON Auction.* TO 'AuctionUser'@'localhost';

DROP USER IF EXISTS 'AuctionUserView'@'localhost';
CREATE USER 'AuctionUserView'@'localhost' IDENTIFIED BY 'PasswordAuctionViewDBMS2020';
GRANT SELECT ON Auction.* TO 'AuctionUserView'@'localhost';

DROP USER IF EXISTS 'AuctionUserCreateAuction'@'localhost';
CREATE USER 'AuctionUserCreateAuction'@'localhost' IDENTIFIED BY 'PasswordAuctionCreateAuctionDBMS2020';
GRANT INSERT ON Auction.auctions TO 'AuctionUserCreateAuction'@'localhost';

DROP USER IF EXISTS 'AuctionUserCreateCreateUser'@'localhost';
CREATE USER 'AuctionUserCreateCreateUser'@'localhost' IDENTIFIED BY 'PasswordAuctionCreateUserDBMS2020';
GRANT INSERT ON Auction.users TO 'AuctionUserCreateCreateUser'@'localhost';

DROP USER IF EXISTS 'AuctionUserCreateCreateWatchList'@'localhost';
CREATE USER 'AuctionUserCreateCreateWatchList'@'localhost' IDENTIFIED BY 'PasswordAuctionCreateWatchListDBMS2020';
GRANT SELECT ON Auction.watchlist TO 'AuctionUserCreateCreateUser'@'localhost';